路段,时间,蓝牌车辆数,黄牌车辆数,合计,平均车速,大车混入率,拥堵路段占比,可吸入物排放量,氮氧化物排放量,一氧化碳排放量,服务水平,管控措施,路段预测流量,v2x平均车速,v2x平均车头时距,v2x车辆数,v2x行驶里程,v2x车牌号,v2x车辆类型
路网,2021-06-12 10:00:00,252,185,682,103,0.35,0.25,391,413,735,C,无,400,108,5,13,114,浙A***58,小汽车
红垦枢纽_机场互通_杭州方向,2021-06-12 10:00:00,278,154,792,115,0.58,0.38,410,425,682,D,红垦枢纽_机场互通_杭州方向建议实行管控措施，管控措施如下：道路限速：108km/h，可通行大车车道编号：1、2，是否开放可变车道：否,416,113,8,14,130,浙A***58,小汽车
红垦枢纽_机场互通_宁波方向,2021-06-12 10:00:00,268,188,736,111,0.27,0.34,411,402,695,B,红垦枢纽_机场互通_宁波方向建议实行管控措施，管控措施如下：道路限速：104km/h，可通行大车车道编号：1、2，是否开放可变车道：否,330,104,11,18,111,浙A***58,小汽车
机场互通_瓜沥互通_杭州方向,2021-06-12 10:00:00,239,110,623,112,0.32,0.32,454,428,644,B,机场互通_瓜沥互通_杭州方向建议实行管控措施，管控措施如下：道路限速：106km/h，可通行大车车道编号：1、2，是否开放可变车道：否,395,106,9,14,128,浙A***58,小汽车
机场互通_瓜沥互通_宁波方向,2021-06-12 10:00:00,274,146,722,117,0.45,0.39,317,418,638,C,无,321,106,9,10,121,浙A***58,小汽车
瓜沥互通_柯桥互通_杭州方向,2021-06-12 10:00:00,228,160,682,104,0.52,0.39,493,424,687,A,瓜沥互通_柯桥互通_杭州方向建议实行管控措施，管控措施如下：道路限速：105km/h，可通行大车车道编号：1、2，是否开放可变车道：否,484,109,8,12,116,浙A***58,小汽车
瓜沥互通_柯桥互通_宁波方向,2021-06-12 10:00:00,249,164,764,112,0.32,0.33,307,408,651,A,无,395,117,9,10,101,浙A***58,小汽车
柯桥互通_齐贤枢纽_杭州方向,2021-06-12 10:00:00,298,148,649,107,0.28,0.23,391,425,627,A,无,348,103,12,19,126,浙A***58,小汽车
柯桥互通_齐贤枢纽_宁波方向,2021-06-12 10:00:00,207,187,637,118,0.68,0.36,491,419,708,B,无,432,115,8,19,129,浙A***58,小汽车
齐贤枢纽_绍兴互通_杭州方向,2021-06-12 10:00:00,260,146,708,111,0.52,0.23,401,402,687,D,齐贤枢纽_绍兴互通_杭州方向建议实行管控措施，管控措施如下：道路限速：108km/h，可通行大车车道编号：1、2，是否开放可变车道：否,376,114,13,19,108,浙A***58,小汽车
齐贤枢纽_绍兴互通_宁波方向,2021-06-12 10:00:00,276,104,762,116,0.56,0.36,362,425,649,C,齐贤枢纽_绍兴互通_宁波方向建议实行管控措施，管控措施如下：道路限速：101km/h，可通行大车车道编号：1、2，是否开放可变车道：否,352,104,4,15,124,浙A***58,小汽车
绍兴互通_沽渚枢纽_杭州方向,2021-06-12 10:00:00,201,186,675,104,0.56,0.22,435,410,612,B,绍兴互通_沽渚枢纽_杭州方向建议实行管控措施，管控措施如下：道路限速：102km/h，可通行大车车道编号：1、2，是否开放可变车道：否,353,118,13,19,101,浙A***58,小汽车
绍兴互通_沽渚枢纽_宁波方向,2021-06-12 10:00:00,245,161,612,108,0.56,0.21,342,402,695,A,无,453,105,13,12,101,浙A***58,小汽车
沽渚枢纽_上虞互通_杭州方向,2021-06-12 10:00:00,242,191,687,118,0.28,0.32,393,430,688,B,沽渚枢纽_上虞互通_杭州方向建议实行管控措施，管控措施如下：道路限速：102km/h，可通行大车车道编号：1、2，是否开放可变车道：否,361,113,13,10,105,浙A***58,小汽车
沽渚枢纽_上虞互通_宁波方向,2021-06-12 10:00:00,234,108,754,117,0.55,0.37,430,414,733,D,沽渚枢纽_上虞互通_宁波方向建议实行管控措施，管控措施如下：道路限速：107km/h，可通行大车车道编号：1、2，是否开放可变车道：否,479,114,9,17,128,浙A***58,小汽车
上虞互通_牟山互通_杭州方向,2021-06-12 10:00:00,260,166,759,118,0.37,0.24,387,414,705,D,无,308,104,10,19,109,浙A***58,小汽车
上虞互通_牟山互通_宁波方向,2021-06-12 10:00:00,245,164,654,109,0.7,0.4,327,401,724,D,上虞互通_牟山互通_宁波方向建议实行管控措施，管控措施如下：道路限速：100km/h，可通行大车车道编号：1、2，是否开放可变车道：否,350,105,10,18,118,浙A***58,小汽车
牟山互通_余姚西枢纽_杭州方向,2021-06-12 10:00:00,228,197,600,117,0.34,0.21,402,422,647,A,牟山互通_余姚西枢纽_杭州方向建议实行管控措施，管控措施如下：道路限速：103km/h，可通行大车车道编号：1、2，是否开放可变车道：否,382,108,11,12,131,浙A***58,小汽车
牟山互通_余姚西枢纽_宁波方向,2021-06-12 10:00:00,214,189,648,111,0.64,0.36,347,420,680,D,牟山互通_余姚西枢纽_宁波方向建议实行管控措施，管控措施如下：道路限速：105km/h，可通行大车车道编号：1、2，是否开放可变车道：否,413,106,12,11,127,浙A***58,小汽车
余姚西枢纽_余姚互通_杭州方向,2021-06-12 10:00:00,258,144,671,106,0.3,0.29,402,430,681,B,无,428,115,4,18,107,浙A***58,小汽车
余姚西枢纽_余姚互通_宁波方向,2021-06-12 10:00:00,232,180,683,114,0.24,0.21,316,431,648,B,余姚西枢纽_余姚互通_宁波方向建议实行管控措施，管控措施如下：道路限速：100km/h，可通行大车车道编号：1、2，是否开放可变车道：否,362,111,10,14,120,浙A***58,小汽车
余姚互通_大隐互通_杭州方向,2021-06-12 10:00:00,215,130,655,108,0.27,0.27,455,431,679,D,余姚互通_大隐互通_杭州方向建议实行管控措施，管控措施如下：道路限速：103km/h，可通行大车车道编号：1、2，是否开放可变车道：否,326,102,11,11,108,浙A***58,小汽车
余姚互通_大隐互通_宁波方向,2021-06-12 10:00:00,286,186,676,113,0.61,0.27,307,421,614,A,无,302,106,13,13,125,浙A***58,小汽车
路网,2021-06-12 10:01:00,274,132,662,110,0.63,0.29,493,425,679,C,无,400,116,11,19,131,浙A***58,小汽车
红垦枢纽_机场互通_杭州方向,2021-06-12 10:01:00,290,137,697,114,0.54,0.35,461,405,605,D,红垦枢纽_机场互通_杭州方向建议实行管控措施，管控措施如下：道路限速：105km/h，可通行大车车道编号：1、2，是否开放可变车道：否,416,112,11,14,107,浙A***58,小汽车
红垦枢纽_机场互通_宁波方向,2021-06-12 10:01:00,261,146,605,106,0.32,0.23,484,424,715,B,红垦枢纽_机场互通_宁波方向建议实行管控措施，管控措施如下：道路限速：100km/h，可通行大车车道编号：1、2，是否开放可变车道：否,330,116,6,18,119,浙A***58,小汽车
机场互通_瓜沥互通_杭州方向,2021-06-12 10:01:00,234,132,759,116,0.62,0.32,391,414,704,B,机场互通_瓜沥互通_杭州方向建议实行管控措施，管控措施如下：道路限速：106km/h，可通行大车车道编号：1、2，是否开放可变车道：否,395,107,7,15,114,浙A***58,小汽车
机场互通_瓜沥互通_宁波方向,2021-06-12 10:01:00,203,167,670,113,0.48,0.29,305,417,609,C,无,321,116,13,18,111,浙A***58,小汽车
瓜沥互通_柯桥互通_杭州方向,2021-06-12 10:01:00,216,180,735,114,0.48,0.29,327,416,717,A,瓜沥互通_柯桥互通_杭州方向建议实行管控措施，管控措施如下：道路限速：104km/h，可通行大车车道编号：1、2，是否开放可变车道：否,484,107,14,19,126,浙A***58,小汽车
瓜沥互通_柯桥互通_宁波方向,2021-06-12 10:01:00,276,101,643,118,0.29,0.27,374,408,702,A,无,395,116,13,18,104,浙A***58,小汽车
柯桥互通_齐贤枢纽_杭州方向,2021-06-12 10:01:00,230,140,622,108,0.38,0.39,408,429,752,A,无,348,109,11,12,126,浙A***58,小汽车
柯桥互通_齐贤枢纽_宁波方向,2021-06-12 10:01:00,261,115,669,107,0.56,0.37,307,403,701,B,无,432,103,14,12,126,浙A***58,小汽车
齐贤枢纽_绍兴互通_杭州方向,2021-06-12 10:01:00,254,141,650,103,0.24,0.23,464,408,701,D,齐贤枢纽_绍兴互通_杭州方向建议实行管控措施，管控措施如下：道路限速：102km/h，可通行大车车道编号：1、2，是否开放可变车道：否,376,105,12,12,109,浙A***58,小汽车
齐贤枢纽_绍兴互通_宁波方向,2021-06-12 10:01:00,262,147,733,117,0.35,0.25,483,418,751,C,齐贤枢纽_绍兴互通_宁波方向建议实行管控措施，管控措施如下：道路限速：105km/h，可通行大车车道编号：1、2，是否开放可变车道：否,352,113,11,12,123,浙A***58,小汽车
绍兴互通_沽渚枢纽_杭州方向,2021-06-12 10:01:00,299,166,749,110,0.47,0.25,346,410,650,B,绍兴互通_沽渚枢纽_杭州方向建议实行管控措施，管控措施如下：道路限速：101km/h，可通行大车车道编号：1、2，是否开放可变车道：否,353,107,7,13,131,浙A***58,小汽车
绍兴互通_沽渚枢纽_宁波方向,2021-06-12 10:01:00,232,111,768,103,0.41,0.28,462,421,737,A,无,453,105,9,19,121,浙A***58,小汽车
沽渚枢纽_上虞互通_杭州方向,2021-06-12 10:01:00,265,103,760,108,0.25,0.33,394,424,739,B,沽渚枢纽_上虞互通_杭州方向建议实行管控措施，管控措施如下：道路限速：108km/h，可通行大车车道编号：1、2，是否开放可变车道：否,361,108,7,15,101,浙A***58,小汽车
沽渚枢纽_上虞互通_宁波方向,2021-06-12 10:01:00,296,132,606,111,0.65,0.25,481,423,634,D,沽渚枢纽_上虞互通_宁波方向建议实行管控措施，管控措施如下：道路限速：103km/h，可通行大车车道编号：1、2，是否开放可变车道：否,479,102,9,16,127,浙A***58,小汽车
上虞互通_牟山互通_杭州方向,2021-06-12 10:01:00,228,178,718,103,0.26,0.21,343,411,672,D,无,308,118,3,11,126,浙A***58,小汽车
上虞互通_牟山互通_宁波方向,2021-06-12 10:01:00,214,191,724,108,0.36,0.24,405,404,712,D,上虞互通_牟山互通_宁波方向建议实行管控措施，管控措施如下：道路限速：101km/h，可通行大车车道编号：1、2，是否开放可变车道：否,350,102,9,19,128,浙A***58,小汽车
牟山互通_余姚西枢纽_杭州方向,2021-06-12 10:01:00,200,115,706,104,0.21,0.32,467,414,704,A,牟山互通_余姚西枢纽_杭州方向建议实行管控措施，管控措施如下：道路限速：104km/h，可通行大车车道编号：1、2，是否开放可变车道：否,382,105,4,19,127,浙A***58,小汽车
牟山互通_余姚西枢纽_宁波方向,2021-06-12 10:01:00,230,195,656,111,0.61,0.38,310,414,609,D,牟山互通_余姚西枢纽_宁波方向建议实行管控措施，管控措施如下：道路限速：107km/h，可通行大车车道编号：1、2，是否开放可变车道：否,413,115,7,14,115,浙A***58,小汽车
余姚西枢纽_余姚互通_杭州方向,2021-06-12 10:01:00,262,167,791,117,0.61,0.23,356,406,738,B,无,428,113,3,10,104,浙A***58,小汽车
余姚西枢纽_余姚互通_宁波方向,2021-06-12 10:01:00,236,181,651,106,0.7,0.21,443,427,714,B,余姚西枢纽_余姚互通_宁波方向建议实行管控措施，管控措施如下：道路限速：104km/h，可通行大车车道编号：1、2，是否开放可变车道：否,362,106,9,19,127,浙A***58,小汽车
余姚互通_大隐互通_杭州方向,2021-06-12 10:01:00,215,186,690,109,0.57,0.39,314,422,618,D,余姚互通_大隐互通_杭州方向建议实行管控措施，管控措施如下：道路限速：104km/h，可通行大车车道编号：1、2，是否开放可变车道：否,326,102,12,17,116,浙A***58,小汽车
余姚互通_大隐互通_宁波方向,2021-06-12 10:01:00,291,118,753,104,0.69,0.26,349,423,634,A,无,302,104,5,18,109,浙A***58,小汽车
路网,2021-06-12 10:02:00,252,106,659,114,0.56,0.22,392,423,721,C,无,400,112,8,11,108,浙A***58,小汽车
红垦枢纽_机场互通_杭州方向,2021-06-12 10:02:00,275,155,657,106,0.5,0.3,469,429,646,D,红垦枢纽_机场互通_杭州方向建议实行管控措施，管控措施如下：道路限速：109km/h，可通行大车车道编号：1、2，是否开放可变车道：否,416,113,13,14,104,浙A***58,小汽车
红垦枢纽_机场互通_宁波方向,2021-06-12 10:02:00,203,116,645,105,0.59,0.35,409,416,604,B,红垦枢纽_机场互通_宁波方向建议实行管控措施，管控措施如下：道路限速：104km/h，可通行大车车道编号：1、2，是否开放可变车道：否,330,102,8,11,106,浙A***58,小汽车
机场互通_瓜沥互通_杭州方向,2021-06-12 10:02:00,217,167,732,110,0.53,0.36,391,428,721,B,机场互通_瓜沥互通_杭州方向建议实行管控措施，管控措施如下：道路限速：109km/h，可通行大车车道编号：1、2，是否开放可变车道：否,395,116,10,11,108,浙A***58,小汽车
机场互通_瓜沥互通_宁波方向,2021-06-12 10:02:00,207,126,679,108,0.67,0.24,386,421,672,C,无,321,104,13,14,120,浙A***58,小汽车
瓜沥互通_柯桥互通_杭州方向,2021-06-12 10:02:00,298,184,601,118,0.35,0.22,449,422,638,A,瓜沥互通_柯桥互通_杭州方向建议实行管控措施，管控措施如下：道路限速：102km/h，可通行大车车道编号：1、2，是否开放可变车道：否,484,102,8,12,101,浙A***58,小汽车
瓜沥互通_柯桥互通_宁波方向,2021-06-12 10:02:00,233,177,726,105,0.52,0.31,342,428,695,A,无,395,111,10,11,121,浙A***58,小汽车
柯桥互通_齐贤枢纽_杭州方向,2021-06-12 10:02:00,205,124,651,105,0.49,0.3,310,427,653,A,无,348,108,7,19,113,浙A***58,小汽车
柯桥互通_齐贤枢纽_宁波方向,2021-06-12 10:02:00,200,193,731,107,0.52,0.31,459,407,702,B,无,432,115,5,10,110,浙A***58,小汽车
齐贤枢纽_绍兴互通_杭州方向,2021-06-12 10:02:00,255,145,690,116,0.37,0.27,381,426,608,D,齐贤枢纽_绍兴互通_杭州方向建议实行管控措施，管控措施如下：道路限速：103km/h，可通行大车车道编号：1、2，是否开放可变车道：否,376,105,6,13,127,浙A***58,小汽车
齐贤枢纽_绍兴互通_宁波方向,2021-06-12 10:02:00,210,178,682,118,0.31,0.38,476,419,648,C,齐贤枢纽_绍兴互通_宁波方向建议实行管控措施，管控措施如下：道路限速：100km/h，可通行大车车道编号：1、2，是否开放可变车道：否,352,111,4,17,118,浙A***58,小汽车
绍兴互通_沽渚枢纽_杭州方向,2021-06-12 10:02:00,205,114,657,107,0.56,0.31,437,423,707,B,绍兴互通_沽渚枢纽_杭州方向建议实行管控措施，管控措施如下：道路限速：109km/h，可通行大车车道编号：1、2，是否开放可变车道：否,353,103,11,18,100,浙A***58,小汽车
绍兴互通_沽渚枢纽_宁波方向,2021-06-12 10:02:00,273,192,789,112,0.68,0.23,330,423,724,A,无,453,106,3,15,127,浙A***58,小汽车
沽渚枢纽_上虞互通_杭州方向,2021-06-12 10:02:00,243,115,694,106,0.51,0.39,406,418,709,B,沽渚枢纽_上虞互通_杭州方向建议实行管控措施，管控措施如下：道路限速：106km/h，可通行大车车道编号：1、2，是否开放可变车道：否,361,107,12,16,116,浙A***58,小汽车
沽渚枢纽_上虞互通_宁波方向,2021-06-12 10:02:00,269,116,771,114,0.21,0.39,384,413,715,D,沽渚枢纽_上虞互通_宁波方向建议实行管控措施，管控措施如下：道路限速：103km/h，可通行大车车道编号：1、2，是否开放可变车道：否,479,117,14,16,130,浙A***58,小汽车
上虞互通_牟山互通_杭州方向,2021-06-12 10:02:00,225,182,644,116,0.39,0.29,356,413,631,D,无,308,113,4,11,114,浙A***58,小汽车
上虞互通_牟山互通_宁波方向,2021-06-12 10:02:00,274,137,786,113,0.38,0.3,434,413,615,D,上虞互通_牟山互通_宁波方向建议实行管控措施，管控措施如下：道路限速：101km/h，可通行大车车道编号：1、2，是否开放可变车道：否,350,103,11,13,130,浙A***58,小汽车
牟山互通_余姚西枢纽_杭州方向,2021-06-12 10:02:00,212,180,644,112,0.29,0.27,351,420,639,A,牟山互通_余姚西枢纽_杭州方向建议实行管控措施，管控措施如下：道路限速：103km/h，可通行大车车道编号：1、2，是否开放可变车道：否,382,110,13,14,111,浙A***58,小汽车
牟山互通_余姚西枢纽_宁波方向,2021-06-12 10:02:00,258,170,719,115,0.68,0.4,484,427,604,D,牟山互通_余姚西枢纽_宁波方向建议实行管控措施，管控措施如下：道路限速：102km/h，可通行大车车道编号：1、2，是否开放可变车道：否,413,103,5,13,102,浙A***58,小汽车
余姚西枢纽_余姚互通_杭州方向,2021-06-12 10:02:00,204,157,636,110,0.67,0.39,333,419,710,B,无,428,114,10,18,119,浙A***58,小汽车
余姚西枢纽_余姚互通_宁波方向,2021-06-12 10:02:00,293,145,734,117,0.55,0.37,453,415,721,B,余姚西枢纽_余姚互通_宁波方向建议实行管控措施，管控措施如下：道路限速：101km/h，可通行大车车道编号：1、2，是否开放可变车道：否,362,115,10,15,128,浙A***58,小汽车
余姚互通_大隐互通_杭州方向,2021-06-12 10:02:00,203,112,608,114,0.38,0.38,372,414,623,D,余姚互通_大隐互通_杭州方向建议实行管控措施，管控措施如下：道路限速：109km/h，可通行大车车道编号：1、2，是否开放可变车道：否,326,105,10,16,112,浙A***58,小汽车
余姚互通_大隐互通_宁波方向,2021-06-12 10:02:00,238,177,711,113,0.42,0.27,363,402,672,A,无,302,110,3,19,101,浙A***58,小汽车
路网,2021-06-12 10:03:00,263,128,677,118,0.69,0.35,307,403,643,C,无,400,113,6,12,100,浙A***58,小汽车
红垦枢纽_机场互通_杭州方向,2021-06-12 10:03:00,262,173,673,109,0.7,0.36,399,401,715,D,红垦枢纽_机场互通_杭州方向建议实行管控措施，管控措施如下：道路限速：109km/h，可通行大车车道编号：1、2，是否开放可变车道：否,416,116,11,17,118,浙A***58,小汽车
红垦枢纽_机场互通_宁波方向,2021-06-12 10:03:00,231,142,643,118,0.55,0.32,394,408,628,B,红垦枢纽_机场互通_宁波方向建议实行管控措施，管控措施如下：道路限速：101km/h，可通行大车车道编号：1、2，是否开放可变车道：否,330,117,7,15,115,浙A***58,小汽车
机场互通_瓜沥互通_杭州方向,2021-06-12 10:03:00,295,104,700,105,0.37,0.31,468,412,719,B,机场互通_瓜沥互通_杭州方向建议实行管控措施，管控措施如下：道路限速：105km/h，可通行大车车道编号：1、2，是否开放可变车道：否,395,116,11,19,125,浙A***58,小汽车
机场互通_瓜沥互通_宁波方向,2021-06-12 10:03:00,230,151,685,113,0.68,0.38,458,430,649,C,无,321,113,13,16,123,浙A***58,小汽车
瓜沥互通_柯桥互通_杭州方向,2021-06-12 10:03:00,283,106,717,117,0.49,0.25,481,408,662,A,瓜沥互通_柯桥互通_杭州方向建议实行管控措施，管控措施如下：道路限速：109km/h，可通行大车车道编号：1、2，是否开放可变车道：否,484,106,7,13,105,浙A***58,小汽车
瓜沥互通_柯桥互通_宁波方向,2021-06-12 10:03:00,287,112,748,113,0.31,0.32,348,419,652,A,无,395,105,3,14,115,浙A***58,小汽车
柯桥互通_齐贤枢纽_杭州方向,2021-06-12 10:03:00,241,126,681,106,0.62,0.34,364,414,652,A,无,348,108,12,13,114,浙A***58,小汽车
柯桥互通_齐贤枢纽_宁波方向,2021-06-12 10:03:00,282,152,704,107,0.24,0.39,445,415,749,B,无,432,102,3,13,121,浙A***58,小汽车
齐贤枢纽_绍兴互通_杭州方向,2021-06-12 10:03:00,282,139,781,112,0.68,0.26,347,401,723,D,齐贤枢纽_绍兴互通_杭州方向建议实行管控措施，管控措施如下：道路限速：108km/h，可通行大车车道编号：1、2，是否开放可变车道：否,376,104,13,14,117,浙A***58,小汽车
齐贤枢纽_绍兴互通_宁波方向,2021-06-12 10:03:00,275,116,677,111,0.58,0.22,416,429,630,C,齐贤枢纽_绍兴互通_宁波方向建议实行管控措施，管控措施如下：道路限速：109km/h，可通行大车车道编号：1、2，是否开放可变车道：否,352,118,4,13,115,浙A***58,小汽车
绍兴互通_沽渚枢纽_杭州方向,2021-06-12 10:03:00,271,166,602,106,0.35,0.31,481,425,617,B,绍兴互通_沽渚枢纽_杭州方向建议实行管控措施，管控措施如下：道路限速：102km/h，可通行大车车道编号：1、2，是否开放可变车道：否,353,115,9,17,104,浙A***58,小汽车
绍兴互通_沽渚枢纽_宁波方向,2021-06-12 10:03:00,266,128,768,103,0.33,0.27,354,420,661,A,无,453,113,8,19,101,浙A***58,小汽车
沽渚枢纽_上虞互通_杭州方向,2021-06-12 10:03:00,220,110,777,117,0.23,0.31,488,400,621,B,沽渚枢纽_上虞互通_杭州方向建议实行管控措施，管控措施如下：道路限速：108km/h，可通行大车车道编号：1、2，是否开放可变车道：否,361,106,3,19,109,浙A***58,小汽车
沽渚枢纽_上虞互通_宁波方向,2021-06-12 10:03:00,233,109,636,108,0.59,0.28,446,422,670,D,沽渚枢纽_上虞互通_宁波方向建议实行管控措施，管控措施如下：道路限速：109km/h，可通行大车车道编号：1、2，是否开放可变车道：否,479,106,10,16,109,浙A***58,小汽车
上虞互通_牟山互通_杭州方向,2021-06-12 10:03:00,203,140,676,109,0.48,0.3,483,427,737,D,无,308,114,5,10,125,浙A***58,小汽车
上虞互通_牟山互通_宁波方向,2021-06-12 10:03:00,205,142,756,115,0.65,0.28,432,426,681,D,上虞互通_牟山互通_宁波方向建议实行管控措施，管控措施如下：道路限速：109km/h，可通行大车车道编号：1、2，是否开放可变车道：否,350,110,4,18,125,浙A***58,小汽车
牟山互通_余姚西枢纽_杭州方向,2021-06-12 10:03:00,291,120,632,113,0.29,0.37,382,405,633,A,牟山互通_余姚西枢纽_杭州方向建议实行管控措施，管控措施如下：道路限速：105km/h，可通行大车车道编号：1、2，是否开放可变车道：否,382,104,6,17,122,浙A***58,小汽车
牟山互通_余姚西枢纽_宁波方向,2021-06-12 10:03:00,268,159,760,110,0.36,0.31,474,405,605,D,牟山互通_余姚西枢纽_宁波方向建议实行管控措施，管控措施如下：道路限速：109km/h，可通行大车车道编号：1、2，是否开放可变车道：否,413,115,6,11,105,浙A***58,小汽车
余姚西枢纽_余姚互通_杭州方向,2021-06-12 10:03:00,285,100,651,107,0.32,0.26,390,427,705,B,无,428,108,13,11,118,浙A***58,小汽车
余姚西枢纽_余姚互通_宁波方向,2021-06-12 10:03:00,219,158,769,110,0.29,0.33,350,413,723,B,余姚西枢纽_余姚互通_宁波方向建议实行管控措施，管控措施如下：道路限速：107km/h，可通行大车车道编号：1、2，是否开放可变车道：否,362,103,13,17,100,浙A***58,小汽车
余姚互通_大隐互通_杭州方向,2021-06-12 10:03:00,202,192,723,107,0.52,0.4,430,421,635,D,余姚互通_大隐互通_杭州方向建议实行管控措施，管控措施如下：道路限速：101km/h，可通行大车车道编号：1、2，是否开放可变车道：否,326,109,10,11,123,浙A***58,小汽车
余姚互通_大隐互通_宁波方向,2021-06-12 10:03:00,240,109,679,104,0.29,0.28,334,431,610,A,无,302,102,5,14,117,浙A***58,小汽车
路网,2021-06-12 10:04:00,284,168,651,104,0.49,0.25,496,423,655,C,无,400,107,14,15,108,浙A***58,小汽车
红垦枢纽_机场互通_杭州方向,2021-06-12 10:04:00,280,165,630,113,0.66,0.26,326,401,739,D,红垦枢纽_机场互通_杭州方向建议实行管控措施，管控措施如下：道路限速：104km/h，可通行大车车道编号：1、2，是否开放可变车道：否,416,117,3,13,100,浙A***58,小汽车
红垦枢纽_机场互通_宁波方向,2021-06-12 10:04:00,208,167,692,113,0.52,0.34,471,406,661,B,红垦枢纽_机场互通_宁波方向建议实行管控措施，管控措施如下：道路限速：102km/h，可通行大车车道编号：1、2，是否开放可变车道：否,330,117,4,14,102,浙A***58,小汽车
机场互通_瓜沥互通_杭州方向,2021-06-12 10:04:00,218,182,781,104,0.67,0.24,429,425,642,B,机场互通_瓜沥互通_杭州方向建议实行管控措施，管控措施如下：道路限速：109km/h，可通行大车车道编号：1、2，是否开放可变车道：否,395,109,6,14,121,浙A***58,小汽车
机场互通_瓜沥互通_宁波方向,2021-06-12 10:04:00,252,100,729,110,0.38,0.24,338,429,745,C,无,321,102,3,10,106,浙A***58,小汽车
瓜沥互通_柯桥互通_杭州方向,2021-06-12 10:04:00,217,103,676,110,0.29,0.36,478,401,632,A,瓜沥互通_柯桥互通_杭州方向建议实行管控措施，管控措施如下：道路限速：103km/h，可通行大车车道编号：1、2，是否开放可变车道：否,484,108,5,14,124,浙A***58,小汽车
瓜沥互通_柯桥互通_宁波方向,2021-06-12 10:04:00,259,142,739,110,0.22,0.37,351,414,618,A,无,395,103,9,13,112,浙A***58,小汽车
柯桥互通_齐贤枢纽_杭州方向,2021-06-12 10:04:00,219,192,646,112,0.38,0.32,461,428,641,A,无,348,108,3,18,107,浙A***58,小汽车
柯桥互通_齐贤枢纽_宁波方向,2021-06-12 10:04:00,267,154,627,117,0.33,0.35,426,407,622,B,无,432,112,9,19,105,浙A***58,小汽车
齐贤枢纽_绍兴互通_杭州方向,2021-06-12 10:04:00,293,109,710,109,0.51,0.25,470,418,687,D,齐贤枢纽_绍兴互通_杭州方向建议实行管控措施，管控措施如下：道路限速：101km/h，可通行大车车道编号：1、2，是否开放可变车道：否,376,106,4,10,117,浙A***58,小汽车
齐贤枢纽_绍兴互通_宁波方向,2021-06-12 10:04:00,271,153,798,117,0.38,0.31,461,412,695,C,齐贤枢纽_绍兴互通_宁波方向建议实行管控措施，管控措施如下：道路限速：109km/h，可通行大车车道编号：1、2，是否开放可变车道：否,352,105,7,14,114,浙A***58,小汽车
绍兴互通_沽渚枢纽_杭州方向,2021-06-12 10:04:00,225,121,714,106,0.38,0.21,389,429,685,B,绍兴互通_沽渚枢纽_杭州方向建议实行管控措施，管控措施如下：道路限速：102km/h，可通行大车车道编号：1、2，是否开放可变车道：否,353,112,7,16,100,浙A***58,小汽车
绍兴互通_沽渚枢纽_宁波方向,2021-06-12 10:04:00,251,104,796,110,0.35,0.2,401,400,694,A,无,453,116,13,15,121,浙A***58,小汽车
沽渚枢纽_上虞互通_杭州方向,2021-06-12 10:04:00,211,158,708,115,0.57,0.32,421,412,721,B,沽渚枢纽_上虞互通_杭州方向建议实行管控措施，管控措施如下：道路限速：100km/h，可通行大车车道编号：1、2，是否开放可变车道：否,361,104,13,11,127,浙A***58,小汽车
沽渚枢纽_上虞互通_宁波方向,2021-06-12 10:04:00,256,125,704,109,0.64,0.27,368,418,659,D,沽渚枢纽_上虞互通_宁波方向建议实行管控措施，管控措施如下：道路限速：101km/h，可通行大车车道编号：1、2，是否开放可变车道：否,479,102,14,16,124,浙A***58,小汽车
上虞互通_牟山互通_杭州方向,2021-06-12 10:04:00,278,197,763,104,0.37,0.36,404,408,610,D,无,308,117,8,16,129,浙A***58,小汽车
上虞互通_牟山互通_宁波方向,2021-06-12 10:04:00,255,105,653,110,0.3,0.35,385,401,738,D,上虞互通_牟山互通_宁波方向建议实行管控措施，管控措施如下：道路限速：103km/h，可通行大车车道编号：1、2，是否开放可变车道：否,350,112,5,10,117,浙A***58,小汽车
牟山互通_余姚西枢纽_杭州方向,2021-06-12 10:04:00,238,187,645,115,0.25,0.32,468,415,676,A,牟山互通_余姚西枢纽_杭州方向建议实行管控措施，管控措施如下：道路限速：102km/h，可通行大车车道编号：1、2，是否开放可变车道：否,382,115,5,16,107,浙A***58,小汽车
牟山互通_余姚西枢纽_宁波方向,2021-06-12 10:04:00,276,141,672,110,0.57,0.21,468,424,716,D,牟山互通_余姚西枢纽_宁波方向建议实行管控措施，管控措施如下：道路限速：107km/h，可通行大车车道编号：1、2，是否开放可变车道：否,413,102,9,10,121,浙A***58,小汽车
余姚西枢纽_余姚互通_杭州方向,2021-06-12 10:04:00,234,122,750,107,0.41,0.33,483,424,652,B,无,428,107,12,14,118,浙A***58,小汽车
余姚西枢纽_余姚互通_宁波方向,2021-06-12 10:04:00,209,149,702,105,0.38,0.31,310,427,664,B,余姚西枢纽_余姚互通_宁波方向建议实行管控措施，管控措施如下：道路限速：107km/h，可通行大车车道编号：1、2，是否开放可变车道：否,362,113,8,10,117,浙A***58,小汽车
余姚互通_大隐互通_杭州方向,2021-06-12 10:04:00,273,182,690,104,0.4,0.37,324,425,611,D,余姚互通_大隐互通_杭州方向建议实行管控措施，管控措施如下：道路限速：100km/h，可通行大车车道编号：1、2，是否开放可变车道：否,326,111,10,13,106,浙A***58,小汽车
余姚互通_大隐互通_宁波方向,2021-06-12 10:04:00,268,181,693,114,0.55,0.24,326,418,666,A,无,302,112,14,16,106,浙A***58,小汽车
路网,2021-06-12 10:05:00,229,138,788,118,0.43,0.29,323,425,616,C,无,400,102,11,15,119,浙A***58,小汽车
红垦枢纽_机场互通_杭州方向,2021-06-12 10:05:00,225,138,734,108,0.29,0.32,416,429,751,D,红垦枢纽_机场互通_杭州方向建议实行管控措施，管控措施如下：道路限速：101km/h，可通行大车车道编号：1、2，是否开放可变车道：否,416,105,6,17,104,浙A***58,小汽车
红垦枢纽_机场互通_宁波方向,2021-06-12 10:05:00,278,126,653,104,0.27,0.27,485,430,619,B,红垦枢纽_机场互通_宁波方向建议实行管控措施，管控措施如下：道路限速：108km/h，可通行大车车道编号：1、2，是否开放可变车道：否,330,117,9,13,108,浙A***58,小汽车
机场互通_瓜沥互通_杭州方向,2021-06-12 10:05:00,216,115,707,112,0.55,0.24,465,422,668,B,机场互通_瓜沥互通_杭州方向建议实行管控措施，管控措施如下：道路限速：105km/h，可通行大车车道编号：1、2，是否开放可变车道：否,395,107,13,12,130,浙A***58,小汽车
机场互通_瓜沥互通_宁波方向,2021-06-12 10:05:00,246,134,722,103,0.22,0.27,453,422,644,C,无,321,102,7,16,122,浙A***58,小汽车
瓜沥互通_柯桥互通_杭州方向,2021-06-12 10:05:00,240,161,725,117,0.5,0.31,314,418,685,A,瓜沥互通_柯桥互通_杭州方向建议实行管控措施，管控措施如下：道路限速：104km/h，可通行大车车道编号：1、2，是否开放可变车道：否,484,109,10,10,111,浙A***58,小汽车
瓜沥互通_柯桥互通_宁波方向,2021-06-12 10:05:00,258,155,654,114,0.28,0.25,318,416,665,A,无,395,102,14,17,115,浙A***58,小汽车
柯桥互通_齐贤枢纽_杭州方向,2021-06-12 10:05:00,281,178,735,117,0.32,0.23,347,424,603,A,无,348,104,6,13,126,浙A***58,小汽车
柯桥互通_齐贤枢纽_宁波方向,2021-06-12 10:05:00,212,139,658,108,0.67,0.21,349,431,712,B,无,432,113,14,17,118,浙A***58,小汽车
齐贤枢纽_绍兴互通_杭州方向,2021-06-12 10:05:00,226,121,710,114,0.33,0.36,476,416,688,D,齐贤枢纽_绍兴互通_杭州方向建议实行管控措施，管控措施如下：道路限速：101km/h，可通行大车车道编号：1、2，是否开放可变车道：否,376,118,11,14,129,浙A***58,小汽车
齐贤枢纽_绍兴互通_宁波方向,2021-06-12 10:05:00,281,193,683,110,0.23,0.4,440,416,641,C,齐贤枢纽_绍兴互通_宁波方向建议实行管控措施，管控措施如下：道路限速：101km/h，可通行大车车道编号：1、2，是否开放可变车道：否,352,118,7,11,123,浙A***58,小汽车
绍兴互通_沽渚枢纽_杭州方向,2021-06-12 10:05:00,244,145,785,104,0.31,0.35,475,428,723,B,绍兴互通_沽渚枢纽_杭州方向建议实行管控措施，管控措施如下：道路限速：101km/h，可通行大车车道编号：1、2，是否开放可变车道：否,353,118,6,19,112,浙A***58,小汽车
绍兴互通_沽渚枢纽_宁波方向,2021-06-12 10:05:00,260,168,774,108,0.33,0.4,459,414,750,A,无,453,109,7,17,127,浙A***58,小汽车
沽渚枢纽_上虞互通_杭州方向,2021-06-12 10:05:00,232,145,652,111,0.23,0.23,458,412,722,B,沽渚枢纽_上虞互通_杭州方向建议实行管控措施，管控措施如下：道路限速：109km/h，可通行大车车道编号：1、2，是否开放可变车道：否,361,111,8,15,102,浙A***58,小汽车
沽渚枢纽_上虞互通_宁波方向,2021-06-12 10:05:00,238,117,768,111,0.65,0.37,325,426,650,D,沽渚枢纽_上虞互通_宁波方向建议实行管控措施，管控措施如下：道路限速：104km/h，可通行大车车道编号：1、2，是否开放可变车道：否,479,116,7,17,119,浙A***58,小汽车
上虞互通_牟山互通_杭州方向,2021-06-12 10:05:00,252,165,778,105,0.47,0.26,374,429,658,D,无,308,113,12,12,125,浙A***58,小汽车
上虞互通_牟山互通_宁波方向,2021-06-12 10:05:00,206,156,669,115,0.31,0.38,428,403,701,D,上虞互通_牟山互通_宁波方向建议实行管控措施，管控措施如下：道路限速：105km/h，可通行大车车道编号：1、2，是否开放可变车道：否,350,115,10,11,127,浙A***58,小汽车
牟山互通_余姚西枢纽_杭州方向,2021-06-12 10:05:00,211,167,734,104,0.24,0.22,478,407,640,A,牟山互通_余姚西枢纽_杭州方向建议实行管控措施，管控措施如下：道路限速：101km/h，可通行大车车道编号：1、2，是否开放可变车道：否,382,109,5,14,119,浙A***58,小汽车
牟山互通_余姚西枢纽_宁波方向,2021-06-12 10:05:00,243,133,625,114,0.25,0.26,404,430,649,D,牟山互通_余姚西枢纽_宁波方向建议实行管控措施，管控措施如下：道路限速：109km/h，可通行大车车道编号：1、2，是否开放可变车道：否,413,104,13,19,117,浙A***58,小汽车
余姚西枢纽_余姚互通_杭州方向,2021-06-12 10:05:00,262,107,626,107,0.44,0.39,381,429,686,B,无,428,109,7,14,126,浙A***58,小汽车
余姚西枢纽_余姚互通_宁波方向,2021-06-12 10:05:00,239,129,634,112,0.37,0.32,311,401,719,B,余姚西枢纽_余姚互通_宁波方向建议实行管控措施，管控措施如下：道路限速：101km/h，可通行大车车道编号：1、2，是否开放可变车道：否,362,103,11,17,128,浙A***58,小汽车
余姚互通_大隐互通_杭州方向,2021-06-12 10:05:00,226,171,663,114,0.56,0.21,352,404,605,D,余姚互通_大隐互通_杭州方向建议实行管控措施，管控措施如下：道路限速：109km/h，可通行大车车道编号：1、2，是否开放可变车道：否,326,103,3,16,121,浙A***58,小汽车
余姚互通_大隐互通_宁波方向,2021-06-12 10:05:00,288,194,762,115,0.37,0.35,417,430,624,A,无,302,111,6,10,105,浙A***58,小汽车
路网,2021-06-12 10:06:00,223,173,722,103,0.23,0.3,362,427,653,C,无,400,104,6,12,110,浙A***58,小汽车
红垦枢纽_机场互通_杭州方向,2021-06-12 10:06:00,275,168,721,106,0.2,0.3,421,414,677,D,红垦枢纽_机场互通_杭州方向建议实行管控措施，管控措施如下：道路限速：109km/h，可通行大车车道编号：1、2，是否开放可变车道：否,416,113,4,10,115,浙A***58,小汽车
红垦枢纽_机场互通_宁波方向,2021-06-12 10:06:00,256,130,705,112,0.59,0.27,408,421,725,B,红垦枢纽_机场互通_宁波方向建议实行管控措施，管控措施如下：道路限速：102km/h，可通行大车车道编号：1、2，是否开放可变车道：否,330,109,8,18,103,浙A***58,小汽车
机场互通_瓜沥互通_杭州方向,2021-06-12 10:06:00,225,161,725,116,0.31,0.3,316,407,714,B,机场互通_瓜沥互通_杭州方向建议实行管控措施，管控措施如下：道路限速：107km/h，可通行大车车道编号：1、2，是否开放可变车道：否,395,115,13,11,106,浙A***58,小汽车
机场互通_瓜沥互通_宁波方向,2021-06-12 10:06:00,242,107,739,109,0.43,0.37,471,428,648,C,无,321,116,12,13,126,浙A***58,小汽车
瓜沥互通_柯桥互通_杭州方向,2021-06-12 10:06:00,261,195,607,111,0.44,0.24,335,425,656,A,瓜沥互通_柯桥互通_杭州方向建议实行管控措施，管控措施如下：道路限速：108km/h，可通行大车车道编号：1、2，是否开放可变车道：否,484,103,14,13,117,浙A***58,小汽车
瓜沥互通_柯桥互通_宁波方向,2021-06-12 10:06:00,255,188,624,110,0.56,0.21,371,413,673,A,无,395,103,12,15,117,浙A***58,小汽车
柯桥互通_齐贤枢纽_杭州方向,2021-06-12 10:06:00,284,119,774,118,0.33,0.24,463,414,734,A,无,348,102,12,19,123,浙A***58,小汽车
柯桥互通_齐贤枢纽_宁波方向,2021-06-12 10:06:00,271,198,648,107,0.61,0.25,482,424,685,B,无,432,103,6,16,116,浙A***58,小汽车
齐贤枢纽_绍兴互通_杭州方向,2021-06-12 10:06:00,216,150,625,110,0.29,0.21,494,412,685,D,齐贤枢纽_绍兴互通_杭州方向建议实行管控措施，管控措施如下：道路限速：100km/h，可通行大车车道编号：1、2，是否开放可变车道：否,376,104,4,18,124,浙A***58,小汽车
齐贤枢纽_绍兴互通_宁波方向,2021-06-12 10:06:00,225,144,725,117,0.68,0.25,327,429,703,C,齐贤枢纽_绍兴互通_宁波方向建议实行管控措施，管控措施如下：道路限速：107km/h，可通行大车车道编号：1、2，是否开放可变车道：否,352,114,8,13,120,浙A***58,小汽车
绍兴互通_沽渚枢纽_杭州方向,2021-06-12 10:06:00,210,127,624,113,0.47,0.3,445,430,728,B,绍兴互通_沽渚枢纽_杭州方向建议实行管控措施，管控措施如下：道路限速：106km/h，可通行大车车道编号：1、2，是否开放可变车道：否,353,104,6,16,118,浙A***58,小汽车
绍兴互通_沽渚枢纽_宁波方向,2021-06-12 10:06:00,202,175,601,117,0.37,0.37,413,408,743,A,无,453,103,3,14,102,浙A***58,小汽车
沽渚枢纽_上虞互通_杭州方向,2021-06-12 10:06:00,257,127,699,106,0.41,0.27,321,426,695,B,沽渚枢纽_上虞互通_杭州方向建议实行管控措施，管控措施如下：道路限速：101km/h，可通行大车车道编号：1、2，是否开放可变车道：否,361,104,4,19,110,浙A***58,小汽车
沽渚枢纽_上虞互通_宁波方向,2021-06-12 10:06:00,247,105,711,115,0.25,0.34,480,425,620,D,沽渚枢纽_上虞互通_宁波方向建议实行管控措施，管控措施如下：道路限速：100km/h，可通行大车车道编号：1、2，是否开放可变车道：否,479,105,5,10,113,浙A***58,小汽车
上虞互通_牟山互通_杭州方向,2021-06-12 10:06:00,255,166,669,117,0.68,0.22,352,406,658,D,无,308,110,3,11,116,浙A***58,小汽车
上虞互通_牟山互通_宁波方向,2021-06-12 10:06:00,290,157,733,109,0.52,0.2,470,414,673,D,上虞互通_牟山互通_宁波方向建议实行管控措施，管控措施如下：道路限速：102km/h，可通行大车车道编号：1、2，是否开放可变车道：否,350,111,13,10,103,浙A***58,小汽车
牟山互通_余姚西枢纽_杭州方向,2021-06-12 10:06:00,250,139,652,118,0.66,0.39,325,415,700,A,牟山互通_余姚西枢纽_杭州方向建议实行管控措施，管控措施如下：道路限速：107km/h，可通行大车车道编号：1、2，是否开放可变车道：否,382,106,9,14,131,浙A***58,小汽车
牟山互通_余姚西枢纽_宁波方向,2021-06-12 10:06:00,225,110,783,103,0.28,0.24,440,416,672,D,牟山互通_余姚西枢纽_宁波方向建议实行管控措施，管控措施如下：道路限速：100km/h，可通行大车车道编号：1、2，是否开放可变车道：否,413,110,6,16,109,浙A***58,小汽车
余姚西枢纽_余姚互通_杭州方向,2021-06-12 10:06:00,219,164,619,118,0.51,0.28,488,411,680,B,无,428,115,4,17,120,浙A***58,小汽车
余姚西枢纽_余姚互通_宁波方向,2021-06-12 10:06:00,242,118,673,107,0.47,0.39,320,430,604,B,余姚西枢纽_余姚互通_宁波方向建议实行管控措施，管控措施如下：道路限速：101km/h，可通行大车车道编号：1、2，是否开放可变车道：否,362,109,11,18,115,浙A***58,小汽车
余姚互通_大隐互通_杭州方向,2021-06-12 10:06:00,253,142,645,116,0.4,0.27,338,427,648,D,余姚互通_大隐互通_杭州方向建议实行管控措施，管控措施如下：道路限速：109km/h，可通行大车车道编号：1、2，是否开放可变车道：否,326,104,9,16,115,浙A***58,小汽车
余姚互通_大隐互通_宁波方向,2021-06-12 10:06:00,299,142,689,118,0.26,0.36,419,429,670,A,无,302,104,6,13,112,浙A***58,小汽车
路网,2021-06-12 10:07:00,290,187,711,116,0.41,0.36,429,418,656,C,无,400,104,3,16,106,浙A***58,小汽车
红垦枢纽_机场互通_杭州方向,2021-06-12 10:07:00,266,112,736,105,0.29,0.34,389,430,706,D,红垦枢纽_机场互通_杭州方向建议实行管控措施，管控措施如下：道路限速：105km/h，可通行大车车道编号：1、2，是否开放可变车道：否,416,118,4,18,113,浙A***58,小汽车
红垦枢纽_机场互通_宁波方向,2021-06-12 10:07:00,236,173,756,116,0.42,0.2,359,417,704,B,红垦枢纽_机场互通_宁波方向建议实行管控措施，管控措施如下：道路限速：103km/h，可通行大车车道编号：1、2，是否开放可变车道：否,330,107,14,17,128,浙A***58,小汽车
机场互通_瓜沥互通_杭州方向,2021-06-12 10:07:00,277,191,680,106,0.45,0.28,464,420,616,B,机场互通_瓜沥互通_杭州方向建议实行管控措施，管控措施如下：道路限速：106km/h，可通行大车车道编号：1、2，是否开放可变车道：否,395,116,13,11,125,浙A***58,小汽车
机场互通_瓜沥互通_宁波方向,2021-06-12 10:07:00,220,193,661,114,0.43,0.3,437,400,741,C,无,321,118,6,12,104,浙A***58,小汽车
瓜沥互通_柯桥互通_杭州方向,2021-06-12 10:07:00,295,199,609,104,0.62,0.3,321,403,619,A,瓜沥互通_柯桥互通_杭州方向建议实行管控措施，管控措施如下：道路限速：105km/h，可通行大车车道编号：1、2，是否开放可变车道：否,484,112,14,12,117,浙A***58,小汽车
瓜沥互通_柯桥互通_宁波方向,2021-06-12 10:07:00,281,191,769,111,0.66,0.39,452,431,737,A,无,395,113,4,16,105,浙A***58,小汽车
柯桥互通_齐贤枢纽_杭州方向,2021-06-12 10:07:00,286,185,654,118,0.41,0.4,324,402,710,A,无,348,110,10,10,125,浙A***58,小汽车
柯桥互通_齐贤枢纽_宁波方向,2021-06-12 10:07:00,265,154,601,103,0.33,0.22,460,421,638,B,无,432,111,6,14,105,浙A***58,小汽车
齐贤枢纽_绍兴互通_杭州方向,2021-06-12 10:07:00,263,184,770,106,0.2,0.37,495,421,717,D,齐贤枢纽_绍兴互通_杭州方向建议实行管控措施，管控措施如下：道路限速：103km/h，可通行大车车道编号：1、2，是否开放可变车道：否,376,107,7,17,105,浙A***58,小汽车
齐贤枢纽_绍兴互通_宁波方向,2021-06-12 10:07:00,276,159,600,114,0.22,0.32,354,410,685,C,齐贤枢纽_绍兴互通_宁波方向建议实行管控措施，管控措施如下：道路限速：101km/h，可通行大车车道编号：1、2，是否开放可变车道：否,352,108,13,12,110,浙A***58,小汽车
绍兴互通_沽渚枢纽_杭州方向,2021-06-12 10:07:00,278,154,758,107,0.25,0.31,401,430,690,B,绍兴互通_沽渚枢纽_杭州方向建议实行管控措施，管控措施如下：道路限速：101km/h，可通行大车车道编号：1、2，是否开放可变车道：否,353,105,9,15,129,浙A***58,小汽车
绍兴互通_沽渚枢纽_宁波方向,2021-06-12 10:07:00,243,134,799,114,0.48,0.32,493,431,633,A,无,453,104,13,11,105,浙A***58,小汽车
沽渚枢纽_上虞互通_杭州方向,2021-06-12 10:07:00,270,165,765,115,0.37,0.33,406,407,692,B,沽渚枢纽_上虞互通_杭州方向建议实行管控措施，管控措施如下：道路限速：109km/h，可通行大车车道编号：1、2，是否开放可变车道：否,361,103,8,14,109,浙A***58,小汽车
沽渚枢纽_上虞互通_宁波方向,2021-06-12 10:07:00,228,103,602,107,0.63,0.37,482,409,638,D,沽渚枢纽_上虞互通_宁波方向建议实行管控措施，管控措施如下：道路限速：106km/h，可通行大车车道编号：1、2，是否开放可变车道：否,479,116,4,19,128,浙A***58,小汽车
上虞互通_牟山互通_杭州方向,2021-06-12 10:07:00,263,108,738,108,0.36,0.37,359,407,712,D,无,308,112,6,12,102,浙A***58,小汽车
上虞互通_牟山互通_宁波方向,2021-06-12 10:07:00,250,113,771,109,0.52,0.32,337,431,722,D,上虞互通_牟山互通_宁波方向建议实行管控措施，管控措施如下：道路限速：101km/h，可通行大车车道编号：1、2，是否开放可变车道：否,350,117,3,11,118,浙A***58,小汽车
牟山互通_余姚西枢纽_杭州方向,2021-06-12 10:07:00,214,125,794,111,0.39,0.2,399,416,611,A,牟山互通_余姚西枢纽_杭州方向建议实行管控措施，管控措施如下：道路限速：109km/h，可通行大车车道编号：1、2，是否开放可变车道：否,382,104,11,14,124,浙A***58,小汽车
牟山互通_余姚西枢纽_宁波方向,2021-06-12 10:07:00,252,172,647,108,0.22,0.25,303,411,688,D,牟山互通_余姚西枢纽_宁波方向建议实行管控措施，管控措施如下：道路限速：109km/h，可通行大车车道编号：1、2，是否开放可变车道：否,413,111,13,14,119,浙A***58,小汽车
余姚西枢纽_余姚互通_杭州方向,2021-06-12 10:07:00,244,138,722,106,0.24,0.33,498,420,645,B,无,428,105,8,16,106,浙A***58,小汽车
余姚西枢纽_余姚互通_宁波方向,2021-06-12 10:07:00,278,162,619,116,0.32,0.32,350,429,675,B,余姚西枢纽_余姚互通_宁波方向建议实行管控措施，管控措施如下：道路限速：104km/h，可通行大车车道编号：1、2，是否开放可变车道：否,362,114,7,17,130,浙A***58,小汽车
余姚互通_大隐互通_杭州方向,2021-06-12 10:07:00,279,132,783,109,0.21,0.27,407,400,667,D,余姚互通_大隐互通_杭州方向建议实行管控措施，管控措施如下：道路限速：109km/h，可通行大车车道编号：1、2，是否开放可变车道：否,326,118,10,16,115,浙A***58,小汽车
余姚互通_大隐互通_宁波方向,2021-06-12 10:07:00,224,152,624,113,0.7,0.23,337,429,619,A,无,302,114,3,16,102,浙A***58,小汽车
路网,2021-06-12 10:08:00,220,192,722,109,0.4,0.26,459,413,641,C,无,400,108,11,16,126,浙A***58,小汽车
红垦枢纽_机场互通_杭州方向,2021-06-12 10:08:00,212,108,771,104,0.27,0.23,335,425,635,D,红垦枢纽_机场互通_杭州方向建议实行管控措施，管控措施如下：道路限速：102km/h，可通行大车车道编号：1、2，是否开放可变车道：否,416,102,3,15,103,浙A***58,小汽车
红垦枢纽_机场互通_宁波方向,2021-06-12 10:08:00,238,146,732,116,0.23,0.27,345,415,674,B,红垦枢纽_机场互通_宁波方向建议实行管控措施，管控措施如下：道路限速：100km/h，可通行大车车道编号：1、2，是否开放可变车道：否,330,106,4,14,107,浙A***58,小汽车
机场互通_瓜沥互通_杭州方向,2021-06-12 10:08:00,202,158,784,110,0.32,0.38,466,401,637,B,机场互通_瓜沥互通_杭州方向建议实行管控措施，管控措施如下：道路限速：101km/h，可通行大车车道编号：1、2，是否开放可变车道：否,395,107,14,14,119,浙A***58,小汽车
机场互通_瓜沥互通_宁波方向,2021-06-12 10:08:00,220,146,601,114,0.38,0.25,420,402,674,C,无,321,117,6,17,106,浙A***58,小汽车
瓜沥互通_柯桥互通_杭州方向,2021-06-12 10:08:00,259,198,772,116,0.29,0.37,327,424,648,A,瓜沥互通_柯桥互通_杭州方向建议实行管控措施，管控措施如下：道路限速：108km/h，可通行大车车道编号：1、2，是否开放可变车道：否,484,114,3,12,101,浙A***58,小汽车
瓜沥互通_柯桥互通_宁波方向,2021-06-12 10:08:00,219,149,618,109,0.36,0.39,441,415,702,A,无,395,103,9,12,102,浙A***58,小汽车
柯桥互通_齐贤枢纽_杭州方向,2021-06-12 10:08:00,265,123,780,110,0.26,0.29,308,428,747,A,无,348,108,10,12,111,浙A***58,小汽车
柯桥互通_齐贤枢纽_宁波方向,2021-06-12 10:08:00,227,177,787,106,0.6,0.25,379,409,605,B,无,432,107,14,18,103,浙A***58,小汽车
齐贤枢纽_绍兴互通_杭州方向,2021-06-12 10:08:00,293,194,749,104,0.5,0.21,496,413,637,D,齐贤枢纽_绍兴互通_杭州方向建议实行管控措施，管控措施如下：道路限速：103km/h，可通行大车车道编号：1、2，是否开放可变车道：否,376,109,14,11,119,浙A***58,小汽车
齐贤枢纽_绍兴互通_宁波方向,2021-06-12 10:08:00,241,140,789,115,0.61,0.25,431,402,742,C,齐贤枢纽_绍兴互通_宁波方向建议实行管控措施，管控措施如下：道路限速：100km/h，可通行大车车道编号：1、2，是否开放可变车道：否,352,118,10,13,118,浙A***58,小汽车
绍兴互通_沽渚枢纽_杭州方向,2021-06-12 10:08:00,227,174,762,108,0.42,0.33,496,414,696,B,绍兴互通_沽渚枢纽_杭州方向建议实行管控措施，管控措施如下：道路限速：109km/h，可通行大车车道编号：1、2，是否开放可变车道：否,353,104,5,14,103,浙A***58,小汽车
绍兴互通_沽渚枢纽_宁波方向,2021-06-12 10:08:00,248,114,613,116,0.54,0.26,432,430,712,A,无,453,110,12,19,118,浙A***58,小汽车
沽渚枢纽_上虞互通_杭州方向,2021-06-12 10:08:00,263,184,799,115,0.6,0.3,351,407,620,B,沽渚枢纽_上虞互通_杭州方向建议实行管控措施，管控措施如下：道路限速：106km/h，可通行大车车道编号：1、2，是否开放可变车道：否,361,106,8,12,101,浙A***58,小汽车
沽渚枢纽_上虞互通_宁波方向,2021-06-12 10:08:00,209,101,706,113,0.56,0.3,469,409,609,D,沽渚枢纽_上虞互通_宁波方向建议实行管控措施，管控措施如下：道路限速：104km/h，可通行大车车道编号：1、2，是否开放可变车道：否,479,105,11,17,108,浙A***58,小汽车
上虞互通_牟山互通_杭州方向,2021-06-12 10:08:00,251,132,681,105,0.4,0.25,444,414,742,D,无,308,102,11,12,122,浙A***58,小汽车
上虞互通_牟山互通_宁波方向,2021-06-12 10:08:00,235,182,715,110,0.55,0.36,401,418,702,D,上虞互通_牟山互通_宁波方向建议实行管控措施，管控措施如下：道路限速：102km/h，可通行大车车道编号：1、2，是否开放可变车道：否,350,116,4,16,105,浙A***58,小汽车
牟山互通_余姚西枢纽_杭州方向,2021-06-12 10:08:00,298,156,709,106,0.66,0.29,304,425,662,A,牟山互通_余姚西枢纽_杭州方向建议实行管控措施，管控措施如下：道路限速：104km/h，可通行大车车道编号：1、2，是否开放可变车道：否,382,107,8,17,111,浙A***58,小汽车
牟山互通_余姚西枢纽_宁波方向,2021-06-12 10:08:00,255,105,694,110,0.55,0.22,466,406,723,D,牟山互通_余姚西枢纽_宁波方向建议实行管控措施，管控措施如下：道路限速：104km/h，可通行大车车道编号：1、2，是否开放可变车道：否,413,105,7,10,121,浙A***58,小汽车
余姚西枢纽_余姚互通_杭州方向,2021-06-12 10:08:00,280,190,651,109,0.37,0.22,437,412,674,B,无,428,102,14,19,125,浙A***58,小汽车
余姚西枢纽_余姚互通_宁波方向,2021-06-12 10:08:00,273,182,709,111,0.41,0.24,385,422,710,B,余姚西枢纽_余姚互通_宁波方向建议实行管控措施，管控措施如下：道路限速：109km/h，可通行大车车道编号：1、2，是否开放可变车道：否,362,104,10,16,102,浙A***58,小汽车
余姚互通_大隐互通_杭州方向,2021-06-12 10:08:00,280,162,781,110,0.58,0.32,487,418,737,D,余姚互通_大隐互通_杭州方向建议实行管控措施，管控措施如下：道路限速：104km/h，可通行大车车道编号：1、2，是否开放可变车道：否,326,102,6,12,104,浙A***58,小汽车
余姚互通_大隐互通_宁波方向,2021-06-12 10:08:00,298,172,605,114,0.42,0.31,420,429,698,A,无,302,114,12,14,115,浙A***58,小汽车
路网,2021-06-12 10:09:00,251,116,637,110,0.2,0.24,402,423,726,C,无,400,102,4,14,103,浙A***58,小汽车
红垦枢纽_机场互通_杭州方向,2021-06-12 10:09:00,252,131,616,116,0.23,0.28,431,408,742,D,红垦枢纽_机场互通_杭州方向建议实行管控措施，管控措施如下：道路限速：109km/h，可通行大车车道编号：1、2，是否开放可变车道：否,416,107,14,18,101,浙A***58,小汽车
红垦枢纽_机场互通_宁波方向,2021-06-12 10:09:00,247,103,663,104,0.46,0.39,337,403,624,B,红垦枢纽_机场互通_宁波方向建议实行管控措施，管控措施如下：道路限速：109km/h，可通行大车车道编号：1、2，是否开放可变车道：否,330,103,3,11,113,浙A***58,小汽车
机场互通_瓜沥互通_杭州方向,2021-06-12 10:09:00,247,199,724,103,0.22,0.23,420,421,651,B,机场互通_瓜沥互通_杭州方向建议实行管控措施，管控措施如下：道路限速：107km/h，可通行大车车道编号：1、2，是否开放可变车道：否,395,107,12,11,113,浙A***58,小汽车
机场互通_瓜沥互通_宁波方向,2021-06-12 10:09:00,241,110,686,117,0.7,0.25,320,413,647,C,无,321,117,10,11,124,浙A***58,小汽车
瓜沥互通_柯桥互通_杭州方向,2021-06-12 10:09:00,207,128,713,117,0.66,0.35,456,418,667,A,瓜沥互通_柯桥互通_杭州方向建议实行管控措施，管控措施如下：道路限速：107km/h，可通行大车车道编号：1、2，是否开放可变车道：否,484,106,4,19,111,浙A***58,小汽车
瓜沥互通_柯桥互通_宁波方向,2021-06-12 10:09:00,283,121,623,108,0.57,0.26,433,402,686,A,无,395,103,9,17,101,浙A***58,小汽车
柯桥互通_齐贤枢纽_杭州方向,2021-06-12 10:09:00,259,125,787,111,0.29,0.39,449,408,693,A,无,348,114,6,18,114,浙A***58,小汽车
柯桥互通_齐贤枢纽_宁波方向,2021-06-12 10:09:00,221,175,636,117,0.57,0.3,324,430,631,B,无,432,117,9,15,104,浙A***58,小汽车
齐贤枢纽_绍兴互通_杭州方向,2021-06-12 10:09:00,263,138,662,108,0.39,0.23,493,411,685,D,齐贤枢纽_绍兴互通_杭州方向建议实行管控措施，管控措施如下：道路限速：109km/h，可通行大车车道编号：1、2，是否开放可变车道：否,376,114,14,17,108,浙A***58,小汽车
齐贤枢纽_绍兴互通_宁波方向,2021-06-12 10:09:00,270,198,787,110,0.41,0.32,437,406,625,C,齐贤枢纽_绍兴互通_宁波方向建议实行管控措施，管控措施如下：道路限速：102km/h，可通行大车车道编号：1、2，是否开放可变车道：否,352,106,11,12,120,浙A***58,小汽车
绍兴互通_沽渚枢纽_杭州方向,2021-06-12 10:09:00,284,147,608,103,0.59,0.29,390,424,749,B,绍兴互通_沽渚枢纽_杭州方向建议实行管控措施，管控措施如下：道路限速：104km/h，可通行大车车道编号：1、2，是否开放可变车道：否,353,118,10,17,109,浙A***58,小汽车
绍兴互通_沽渚枢纽_宁波方向,2021-06-12 10:09:00,260,149,614,113,0.24,0.32,403,427,609,A,无,453,106,7,10,112,浙A***58,小汽车
沽渚枢纽_上虞互通_杭州方向,2021-06-12 10:09:00,211,197,642,106,0.23,0.33,354,408,657,B,沽渚枢纽_上虞互通_杭州方向建议实行管控措施，管控措施如下：道路限速：107km/h，可通行大车车道编号：1、2，是否开放可变车道：否,361,113,12,17,117,浙A***58,小汽车
沽渚枢纽_上虞互通_宁波方向,2021-06-12 10:09:00,234,181,671,106,0.25,0.37,487,413,608,D,沽渚枢纽_上虞互通_宁波方向建议实行管控措施，管控措施如下：道路限速：107km/h，可通行大车车道编号：1、2，是否开放可变车道：否,479,107,9,14,122,浙A***58,小汽车
上虞互通_牟山互通_杭州方向,2021-06-12 10:09:00,294,123,691,105,0.57,0.21,327,420,700,D,无,308,105,5,12,128,浙A***58,小汽车
上虞互通_牟山互通_宁波方向,2021-06-12 10:09:00,257,163,610,116,0.6,0.32,394,428,633,D,上虞互通_牟山互通_宁波方向建议实行管控措施，管控措施如下：道路限速：101km/h，可通行大车车道编号：1、2，是否开放可变车道：否,350,110,6,16,117,浙A***58,小汽车
牟山互通_余姚西枢纽_杭州方向,2021-06-12 10:09:00,230,189,613,104,0.42,0.22,373,428,750,A,牟山互通_余姚西枢纽_杭州方向建议实行管控措施，管控措施如下：道路限速：106km/h，可通行大车车道编号：1、2，是否开放可变车道：否,382,113,7,19,107,浙A***58,小汽车
牟山互通_余姚西枢纽_宁波方向,2021-06-12 10:09:00,291,139,645,117,0.44,0.29,494,409,626,D,牟山互通_余姚西枢纽_宁波方向建议实行管控措施，管控措施如下：道路限速：109km/h，可通行大车车道编号：1、2，是否开放可变车道：否,413,103,8,11,102,浙A***58,小汽车
余姚西枢纽_余姚互通_杭州方向,2021-06-12 10:09:00,268,194,702,112,0.44,0.27,318,417,630,B,无,428,116,10,16,104,浙A***58,小汽车
余姚西枢纽_余姚互通_宁波方向,2021-06-12 10:09:00,208,153,789,116,0.66,0.21,455,428,713,B,余姚西枢纽_余姚互通_宁波方向建议实行管控措施，管控措施如下：道路限速：101km/h，可通行大车车道编号：1、2，是否开放可变车道：否,362,112,6,15,119,浙A***58,小汽车
余姚互通_大隐互通_杭州方向,2021-06-12 10:09:00,211,124,653,110,0.69,0.27,365,404,648,D,余姚互通_大隐互通_杭州方向建议实行管控措施，管控措施如下：道路限速：105km/h，可通行大车车道编号：1、2，是否开放可变车道：否,326,109,12,10,118,浙A***58,小汽车
余姚互通_大隐互通_宁波方向,2021-06-12 10:09:00,273,192,608,105,0.22,0.28,360,407,703,A,无,302,108,8,12,114,浙A***58,小汽车
路网,2021-06-12 10:00:00,219,175,793,118,0.45,0.22,422,413,684,A,无,350,110,6,17,115,浙A***58,小汽车
红垦枢纽_机场互通_杭州方向,2021-06-12 10:00:00,297,169,673,109,0.53,0.35,474,416,644,C,无,498,109,5,16,109,浙A***58,小汽车
红垦枢纽_机场互通_宁波方向,2021-06-12 10:00:00,226,194,738,118,0.66,0.24,370,430,620,C,红垦枢纽_机场互通_宁波方向建议实行管控措施，管控措施如下：道路限速：103km/h，可通行大车车道编号：1、2，是否开放可变车道：否,412,117,6,11,116,浙A***58,小汽车
机场互通_瓜沥互通_杭州方向,2021-06-12 10:00:00,228,109,756,104,0.3,0.26,448,407,649,D,机场互通_瓜沥互通_杭州方向建议实行管控措施，管控措施如下：道路限速：103km/h，可通行大车车道编号：1、2，是否开放可变车道：否,407,118,6,11,121,浙A***58,小汽车
机场互通_瓜沥互通_宁波方向,2021-06-12 10:00:00,201,175,793,116,0.2,0.28,427,426,722,A,机场互通_瓜沥互通_宁波方向建议实行管控措施，管控措施如下：道路限速：109km/h，可通行大车车道编号：1、2，是否开放可变车道：否,473,102,13,11,116,浙A***58,小汽车
瓜沥互通_柯桥互通_杭州方向,2021-06-12 10:00:00,263,149,645,107,0.66,0.29,486,410,683,D,无,458,113,11,17,110,浙A***58,小汽车
瓜沥互通_柯桥互通_宁波方向,2021-06-12 10:00:00,215,156,638,105,0.23,0.25,496,400,663,A,瓜沥互通_柯桥互通_宁波方向建议实行管控措施，管控措施如下：道路限速：105km/h，可通行大车车道编号：1、2，是否开放可变车道：否,385,102,11,19,100,浙A***58,小汽车
柯桥互通_齐贤枢纽_杭州方向,2021-06-12 10:00:00,251,158,673,116,0.45,0.37,405,405,750,B,无,459,115,5,10,115,浙A***58,小汽车
柯桥互通_齐贤枢纽_宁波方向,2021-06-12 10:00:00,227,152,725,110,0.5,0.23,412,412,601,C,柯桥互通_齐贤枢纽_宁波方向建议实行管控措施，管控措施如下：道路限速：107km/h，可通行大车车道编号：1、2，是否开放可变车道：否,428,107,12,16,107,浙A***58,小汽车
齐贤枢纽_绍兴互通_杭州方向,2021-06-12 10:00:00,236,159,790,109,0.63,0.23,353,430,611,C,齐贤枢纽_绍兴互通_杭州方向建议实行管控措施，管控措施如下：道路限速：107km/h，可通行大车车道编号：1、2，是否开放可变车道：否,378,108,9,13,128,浙A***58,小汽车
齐贤枢纽_绍兴互通_宁波方向,2021-06-12 10:00:00,299,138,695,106,0.59,0.24,409,425,659,B,无,421,110,11,11,111,浙A***58,小汽车
绍兴互通_沽渚枢纽_杭州方向,2021-06-12 10:00:00,210,193,691,109,0.34,0.3,467,404,727,C,绍兴互通_沽渚枢纽_杭州方向建议实行管控措施，管控措施如下：道路限速：105km/h，可通行大车车道编号：1、2，是否开放可变车道：否,480,106,7,16,111,浙A***58,小汽车
绍兴互通_沽渚枢纽_宁波方向,2021-06-12 10:00:00,203,163,795,117,0.42,0.27,457,410,625,A,绍兴互通_沽渚枢纽_宁波方向建议实行管控措施，管控措施如下：道路限速：107km/h，可通行大车车道编号：1、2，是否开放可变车道：否,418,117,8,13,131,浙A***58,小汽车
沽渚枢纽_上虞互通_杭州方向,2021-06-12 10:00:00,242,158,605,104,0.68,0.31,447,419,717,B,无,394,113,6,12,126,浙A***58,小汽车
沽渚枢纽_上虞互通_宁波方向,2021-06-12 10:00:00,296,109,782,112,0.23,0.28,416,423,712,D,无,301,110,6,14,131,浙A***58,小汽车
上虞互通_牟山互通_杭州方向,2021-06-12 10:00:00,222,112,767,117,0.31,0.28,455,402,705,A,无,381,117,12,14,109,浙A***58,小汽车
上虞互通_牟山互通_宁波方向,2021-06-12 10:00:00,200,105,620,117,0.26,0.25,489,409,721,D,上虞互通_牟山互通_宁波方向建议实行管控措施，管控措施如下：道路限速：105km/h，可通行大车车道编号：1、2，是否开放可变车道：否,459,112,6,15,115,浙A***58,小汽车
牟山互通_余姚西枢纽_杭州方向,2021-06-12 10:00:00,266,126,721,118,0.27,0.39,494,431,620,A,无,462,109,13,14,124,浙A***58,小汽车
牟山互通_余姚西枢纽_宁波方向,2021-06-12 10:00:00,253,119,788,114,0.32,0.29,391,410,715,C,无,470,106,3,14,105,浙A***58,小汽车
余姚西枢纽_余姚互通_杭州方向,2021-06-12 10:00:00,275,100,662,109,0.35,0.23,370,420,749,C,无,460,107,5,12,126,浙A***58,小汽车
余姚西枢纽_余姚互通_宁波方向,2021-06-12 10:00:00,215,140,650,116,0.42,0.3,341,414,698,C,余姚西枢纽_余姚互通_宁波方向建议实行管控措施，管控措施如下：道路限速：107km/h，可通行大车车道编号：1、2，是否开放可变车道：否,384,106,13,11,129,浙A***58,小汽车
余姚互通_大隐互通_杭州方向,2021-06-12 10:00:00,233,166,622,111,0.26,0.32,478,428,648,D,余姚互通_大隐互通_杭州方向建议实行管控措施，管控措施如下：道路限速：104km/h，可通行大车车道编号：1、2，是否开放可变车道：否,445,107,14,14,124,浙A***58,小汽车
余姚互通_大隐互通_宁波方向,2021-06-12 10:00:00,212,121,652,108,0.56,0.33,369,411,689,D,无,475,113,12,10,109,浙A***58,小汽车
路网,2021-06-12 10:11:00,229,131,678,112,0.57,0.27,411,414,619,A,无,350,115,4,17,127,浙A***58,小汽车
红垦枢纽_机场互通_杭州方向,2021-06-12 10:11:00,275,160,722,113,0.67,0.25,372,411,729,C,无,498,102,12,10,100,浙A***58,小汽车
红垦枢纽_机场互通_宁波方向,2021-06-12 10:11:00,201,125,604,115,0.24,0.31,357,426,645,C,红垦枢纽_机场互通_宁波方向建议实行管控措施，管控措施如下：道路限速：104km/h，可通行大车车道编号：1、2，是否开放可变车道：否,412,103,11,11,119,浙A***58,小汽车
机场互通_瓜沥互通_杭州方向,2021-06-12 10:11:00,234,156,699,117,0.33,0.33,326,408,664,D,机场互通_瓜沥互通_杭州方向建议实行管控措施，管控措施如下：道路限速：103km/h，可通行大车车道编号：1、2，是否开放可变车道：否,407,109,11,11,105,浙A***58,小汽车
机场互通_瓜沥互通_宁波方向,2021-06-12 10:11:00,257,100,668,111,0.23,0.28,444,430,738,A,机场互通_瓜沥互通_宁波方向建议实行管控措施，管控措施如下：道路限速：104km/h，可通行大车车道编号：1、2，是否开放可变车道：否,473,114,13,13,131,浙A***58,小汽车
瓜沥互通_柯桥互通_杭州方向,2021-06-12 10:11:00,224,150,785,109,0.44,0.31,401,410,723,D,无,458,103,8,12,103,浙A***58,小汽车
瓜沥互通_柯桥互通_宁波方向,2021-06-12 10:11:00,264,175,759,104,0.67,0.26,341,401,618,A,瓜沥互通_柯桥互通_宁波方向建议实行管控措施，管控措施如下：道路限速：104km/h，可通行大车车道编号：1、2，是否开放可变车道：否,385,104,8,12,100,浙A***58,小汽车
柯桥互通_齐贤枢纽_杭州方向,2021-06-12 10:11:00,272,163,777,108,0.26,0.28,393,414,653,B,无,459,117,4,16,120,浙A***58,小汽车
柯桥互通_齐贤枢纽_宁波方向,2021-06-12 10:11:00,225,108,729,107,0.5,0.29,449,416,694,C,柯桥互通_齐贤枢纽_宁波方向建议实行管控措施，管控措施如下：道路限速：105km/h，可通行大车车道编号：1、2，是否开放可变车道：否,428,109,12,13,107,浙A***58,小汽车
齐贤枢纽_绍兴互通_杭州方向,2021-06-12 10:11:00,282,120,719,109,0.53,0.34,421,409,719,C,齐贤枢纽_绍兴互通_杭州方向建议实行管控措施，管控措施如下：道路限速：109km/h，可通行大车车道编号：1、2，是否开放可变车道：否,378,103,10,13,107,浙A***58,小汽车
齐贤枢纽_绍兴互通_宁波方向,2021-06-12 10:11:00,221,140,752,116,0.47,0.39,309,408,612,B,无,421,107,11,16,120,浙A***58,小汽车
绍兴互通_沽渚枢纽_杭州方向,2021-06-12 10:11:00,284,121,742,117,0.56,0.25,433,412,741,C,绍兴互通_沽渚枢纽_杭州方向建议实行管控措施，管控措施如下：道路限速：104km/h，可通行大车车道编号：1、2，是否开放可变车道：否,480,117,7,16,108,浙A***58,小汽车
绍兴互通_沽渚枢纽_宁波方向,2021-06-12 10:11:00,208,177,685,104,0.58,0.2,337,407,649,A,绍兴互通_沽渚枢纽_宁波方向建议实行管控措施，管控措施如下：道路限速：100km/h，可通行大车车道编号：1、2，是否开放可变车道：否,418,110,14,18,128,浙A***58,小汽车
沽渚枢纽_上虞互通_杭州方向,2021-06-12 10:11:00,278,101,602,118,0.61,0.26,363,416,687,B,无,394,102,8,10,113,浙A***58,小汽车
沽渚枢纽_上虞互通_宁波方向,2021-06-12 10:11:00,201,135,669,112,0.33,0.26,459,424,727,D,无,301,104,9,14,112,浙A***58,小汽车
上虞互通_牟山互通_杭州方向,2021-06-12 10:11:00,248,181,762,116,0.49,0.22,411,419,716,A,无,381,103,3,19,129,浙A***58,小汽车
上虞互通_牟山互通_宁波方向,2021-06-12 10:11:00,227,131,723,104,0.4,0.2,433,427,667,D,上虞互通_牟山互通_宁波方向建议实行管控措施，管控措施如下：道路限速：106km/h，可通行大车车道编号：1、2，是否开放可变车道：否,459,103,7,13,110,浙A***58,小汽车
牟山互通_余姚西枢纽_杭州方向,2021-06-12 10:11:00,278,195,789,113,0.22,0.28,347,403,638,A,无,462,110,13,17,119,浙A***58,小汽车
牟山互通_余姚西枢纽_宁波方向,2021-06-12 10:11:00,257,139,617,117,0.33,0.31,483,415,662,C,无,470,110,12,19,117,浙A***58,小汽车
余姚西枢纽_余姚互通_杭州方向,2021-06-12 10:11:00,224,170,730,103,0.5,0.39,444,408,688,C,无,460,115,3,14,125,浙A***58,小汽车
余姚西枢纽_余姚互通_宁波方向,2021-06-12 10:11:00,247,133,655,105,0.27,0.33,347,403,651,C,余姚西枢纽_余姚互通_宁波方向建议实行管控措施，管控措施如下：道路限速：107km/h，可通行大车车道编号：1、2，是否开放可变车道：否,384,103,14,16,114,浙A***58,小汽车
余姚互通_大隐互通_杭州方向,2021-06-12 10:11:00,215,143,730,107,0.6,0.22,448,415,690,D,余姚互通_大隐互通_杭州方向建议实行管控措施，管控措施如下：道路限速：104km/h，可通行大车车道编号：1、2，是否开放可变车道：否,445,118,4,18,123,浙A***58,小汽车
余姚互通_大隐互通_宁波方向,2021-06-12 10:11:00,237,157,774,118,0.33,0.28,407,428,742,D,无,475,114,11,13,127,浙A***58,小汽车
路网,2021-06-12 10:12:00,209,111,748,115,0.36,0.28,473,404,604,A,无,350,102,11,17,100,浙A***58,小汽车
红垦枢纽_机场互通_杭州方向,2021-06-12 10:12:00,253,192,793,106,0.45,0.2,444,421,714,C,无,498,116,5,10,117,浙A***58,小汽车
红垦枢纽_机场互通_宁波方向,2021-06-12 10:12:00,256,181,603,108,0.54,0.23,349,413,619,C,红垦枢纽_机场互通_宁波方向建议实行管控措施，管控措施如下：道路限速：101km/h，可通行大车车道编号：1、2，是否开放可变车道：否,412,106,10,15,123,浙A***58,小汽车
机场互通_瓜沥互通_杭州方向,2021-06-12 10:12:00,247,152,749,114,0.4,0.38,485,425,675,D,机场互通_瓜沥互通_杭州方向建议实行管控措施，管控措施如下：道路限速：108km/h，可通行大车车道编号：1、2，是否开放可变车道：否,407,116,13,15,126,浙A***58,小汽车
机场互通_瓜沥互通_宁波方向,2021-06-12 10:12:00,295,159,608,104,0.69,0.3,351,426,729,A,机场互通_瓜沥互通_宁波方向建议实行管控措施，管控措施如下：道路限速：106km/h，可通行大车车道编号：1、2，是否开放可变车道：否,473,106,13,12,128,浙A***58,小汽车
瓜沥互通_柯桥互通_杭州方向,2021-06-12 10:12:00,294,121,649,118,0.53,0.24,391,422,725,D,无,458,103,6,11,117,浙A***58,小汽车
瓜沥互通_柯桥互通_宁波方向,2021-06-12 10:12:00,215,112,734,111,0.69,0.38,311,430,634,A,瓜沥互通_柯桥互通_宁波方向建议实行管控措施，管控措施如下：道路限速：107km/h，可通行大车车道编号：1、2，是否开放可变车道：否,385,116,12,12,112,浙A***58,小汽车
柯桥互通_齐贤枢纽_杭州方向,2021-06-12 10:12:00,260,112,662,105,0.63,0.2,386,403,733,B,无,459,110,11,13,108,浙A***58,小汽车
柯桥互通_齐贤枢纽_宁波方向,2021-06-12 10:12:00,273,135,663,106,0.56,0.33,352,401,623,C,柯桥互通_齐贤枢纽_宁波方向建议实行管控措施，管控措施如下：道路限速：101km/h，可通行大车车道编号：1、2，是否开放可变车道：否,428,106,10,12,120,浙A***58,小汽车
齐贤枢纽_绍兴互通_杭州方向,2021-06-12 10:12:00,271,169,648,104,0.49,0.27,331,401,606,C,齐贤枢纽_绍兴互通_杭州方向建议实行管控措施，管控措施如下：道路限速：105km/h，可通行大车车道编号：1、2，是否开放可变车道：否,378,115,10,17,117,浙A***58,小汽车
齐贤枢纽_绍兴互通_宁波方向,2021-06-12 10:12:00,217,113,747,105,0.49,0.36,426,418,662,B,无,421,104,6,14,111,浙A***58,小汽车
绍兴互通_沽渚枢纽_杭州方向,2021-06-12 10:12:00,298,158,661,115,0.44,0.27,304,410,744,C,绍兴互通_沽渚枢纽_杭州方向建议实行管控措施，管控措施如下：道路限速：101km/h，可通行大车车道编号：1、2，是否开放可变车道：否,480,102,4,14,126,浙A***58,小汽车
绍兴互通_沽渚枢纽_宁波方向,2021-06-12 10:12:00,239,120,623,103,0.21,0.37,443,418,631,A,绍兴互通_沽渚枢纽_宁波方向建议实行管控措施，管控措施如下：道路限速：108km/h，可通行大车车道编号：1、2，是否开放可变车道：否,418,115,14,11,113,浙A***58,小汽车
沽渚枢纽_上虞互通_杭州方向,2021-06-12 10:12:00,232,188,750,104,0.34,0.32,331,411,690,B,无,394,103,6,10,129,浙A***58,小汽车
沽渚枢纽_上虞互通_宁波方向,2021-06-12 10:12:00,295,148,672,110,0.22,0.24,350,405,603,D,无,301,108,7,16,123,浙A***58,小汽车
上虞互通_牟山互通_杭州方向,2021-06-12 10:12:00,230,141,633,118,0.24,0.28,409,416,680,A,无,381,105,4,18,102,浙A***58,小汽车
上虞互通_牟山互通_宁波方向,2021-06-12 10:12:00,263,139,634,104,0.55,0.26,410,417,667,D,上虞互通_牟山互通_宁波方向建议实行管控措施，管控措施如下：道路限速：107km/h，可通行大车车道编号：1、2，是否开放可变车道：否,459,113,11,10,130,浙A***58,小汽车
牟山互通_余姚西枢纽_杭州方向,2021-06-12 10:12:00,248,184,696,116,0.63,0.34,454,404,604,A,无,462,111,6,14,101,浙A***58,小汽车
牟山互通_余姚西枢纽_宁波方向,2021-06-12 10:12:00,273,137,683,108,0.58,0.39,308,403,677,C,无,470,112,13,10,106,浙A***58,小汽车
余姚西枢纽_余姚互通_杭州方向,2021-06-12 10:12:00,281,148,759,114,0.51,0.4,377,426,603,C,无,460,114,5,15,106,浙A***58,小汽车
余姚西枢纽_余姚互通_宁波方向,2021-06-12 10:12:00,222,182,713,108,0.25,0.38,480,425,613,C,余姚西枢纽_余姚互通_宁波方向建议实行管控措施，管控措施如下：道路限速：106km/h，可通行大车车道编号：1、2，是否开放可变车道：否,384,106,4,17,103,浙A***58,小汽车
余姚互通_大隐互通_杭州方向,2021-06-12 10:12:00,216,184,660,106,0.49,0.37,465,404,655,D,余姚互通_大隐互通_杭州方向建议实行管控措施，管控措施如下：道路限速：105km/h，可通行大车车道编号：1、2，是否开放可变车道：否,445,108,5,13,124,浙A***58,小汽车
余姚互通_大隐互通_宁波方向,2021-06-12 10:12:00,221,105,737,109,0.28,0.28,471,416,672,D,无,475,111,13,13,101,浙A***58,小汽车
路网,2021-06-12 10:13:00,281,192,780,111,0.57,0.33,345,417,628,A,无,350,110,14,12,112,浙A***58,小汽车
红垦枢纽_机场互通_杭州方向,2021-06-12 10:13:00,218,190,706,117,0.35,0.26,462,406,708,C,无,498,117,11,14,130,浙A***58,小汽车
红垦枢纽_机场互通_宁波方向,2021-06-12 10:13:00,215,148,696,113,0.29,0.33,331,424,607,C,红垦枢纽_机场互通_宁波方向建议实行管控措施，管控措施如下：道路限速：105km/h，可通行大车车道编号：1、2，是否开放可变车道：否,412,115,6,16,109,浙A***58,小汽车
机场互通_瓜沥互通_杭州方向,2021-06-12 10:13:00,233,125,699,112,0.7,0.33,344,423,692,D,机场互通_瓜沥互通_杭州方向建议实行管控措施，管控措施如下：道路限速：109km/h，可通行大车车道编号：1、2，是否开放可变车道：否,407,107,4,14,110,浙A***58,小汽车
机场互通_瓜沥互通_宁波方向,2021-06-12 10:13:00,261,116,791,107,0.57,0.22,443,418,683,A,机场互通_瓜沥互通_宁波方向建议实行管控措施，管控措施如下：道路限速：107km/h，可通行大车车道编号：1、2，是否开放可变车道：否,473,103,3,11,122,浙A***58,小汽车
瓜沥互通_柯桥互通_杭州方向,2021-06-12 10:13:00,267,120,703,112,0.48,0.32,324,402,720,D,无,458,108,11,10,102,浙A***58,小汽车
瓜沥互通_柯桥互通_宁波方向,2021-06-12 10:13:00,234,109,646,109,0.26,0.31,422,401,740,A,瓜沥互通_柯桥互通_宁波方向建议实行管控措施，管控措施如下：道路限速：105km/h，可通行大车车道编号：1、2，是否开放可变车道：否,385,117,10,15,117,浙A***58,小汽车
柯桥互通_齐贤枢纽_杭州方向,2021-06-12 10:13:00,287,172,644,116,0.65,0.28,386,400,747,B,无,459,109,14,11,108,浙A***58,小汽车
柯桥互通_齐贤枢纽_宁波方向,2021-06-12 10:13:00,218,160,739,111,0.3,0.25,381,418,730,C,柯桥互通_齐贤枢纽_宁波方向建议实行管控措施，管控措施如下：道路限速：105km/h，可通行大车车道编号：1、2，是否开放可变车道：否,428,104,6,10,128,浙A***58,小汽车
齐贤枢纽_绍兴互通_杭州方向,2021-06-12 10:13:00,218,194,629,107,0.5,0.3,379,409,602,C,齐贤枢纽_绍兴互通_杭州方向建议实行管控措施，管控措施如下：道路限速：106km/h，可通行大车车道编号：1、2，是否开放可变车道：否,378,104,14,12,114,浙A***58,小汽车
齐贤枢纽_绍兴互通_宁波方向,2021-06-12 10:13:00,219,109,605,109,0.26,0.26,451,416,708,B,无,421,117,6,11,123,浙A***58,小汽车
绍兴互通_沽渚枢纽_杭州方向,2021-06-12 10:13:00,215,174,791,110,0.49,0.21,371,426,656,C,绍兴互通_沽渚枢纽_杭州方向建议实行管控措施，管控措施如下：道路限速：107km/h，可通行大车车道编号：1、2，是否开放可变车道：否,480,109,14,19,107,浙A***58,小汽车
绍兴互通_沽渚枢纽_宁波方向,2021-06-12 10:13:00,213,152,738,106,0.5,0.37,414,409,734,A,绍兴互通_沽渚枢纽_宁波方向建议实行管控措施，管控措施如下：道路限速：106km/h，可通行大车车道编号：1、2，是否开放可变车道：否,418,108,10,19,110,浙A***58,小汽车
沽渚枢纽_上虞互通_杭州方向,2021-06-12 10:13:00,263,135,666,108,0.31,0.26,491,415,608,B,无,394,118,4,17,117,浙A***58,小汽车
沽渚枢纽_上虞互通_宁波方向,2021-06-12 10:13:00,201,131,653,109,0.63,0.31,499,425,735,D,无,301,109,6,19,120,浙A***58,小汽车
上虞互通_牟山互通_杭州方向,2021-06-12 10:13:00,222,144,721,108,0.63,0.31,389,408,663,A,无,381,115,11,14,121,浙A***58,小汽车
上虞互通_牟山互通_宁波方向,2021-06-12 10:13:00,252,108,709,114,0.6,0.24,392,402,677,D,上虞互通_牟山互通_宁波方向建议实行管控措施，管控措施如下：道路限速：105km/h，可通行大车车道编号：1、2，是否开放可变车道：否,459,111,3,10,108,浙A***58,小汽车
牟山互通_余姚西枢纽_杭州方向,2021-06-12 10:13:00,274,115,734,110,0.58,0.22,490,400,745,A,无,462,110,12,18,106,浙A***58,小汽车
牟山互通_余姚西枢纽_宁波方向,2021-06-12 10:13:00,283,155,732,108,0.42,0.25,398,409,624,C,无,470,111,6,14,127,浙A***58,小汽车
余姚西枢纽_余姚互通_杭州方向,2021-06-12 10:13:00,276,123,606,106,0.38,0.27,352,411,644,C,无,460,118,6,17,112,浙A***58,小汽车
余姚西枢纽_余姚互通_宁波方向,2021-06-12 10:13:00,293,168,722,107,0.33,0.29,387,421,670,C,余姚西枢纽_余姚互通_宁波方向建议实行管控措施，管控措施如下：道路限速：100km/h，可通行大车车道编号：1、2，是否开放可变车道：否,384,117,6,17,120,浙A***58,小汽车
余姚互通_大隐互通_杭州方向,2021-06-12 10:13:00,266,126,663,110,0.3,0.37,361,417,602,D,余姚互通_大隐互通_杭州方向建议实行管控措施，管控措施如下：道路限速：100km/h，可通行大车车道编号：1、2，是否开放可变车道：否,445,117,11,11,106,浙A***58,小汽车
余姚互通_大隐互通_宁波方向,2021-06-12 10:13:00,236,140,660,114,0.23,0.29,445,411,649,D,无,475,105,9,19,101,浙A***58,小汽车
路网,2021-06-12 10:14:00,200,151,616,117,0.31,0.21,482,419,656,A,无,350,108,8,16,128,浙A***58,小汽车
红垦枢纽_机场互通_杭州方向,2021-06-12 10:14:00,268,141,781,117,0.53,0.3,446,401,613,C,无,498,117,9,15,127,浙A***58,小汽车
红垦枢纽_机场互通_宁波方向,2021-06-12 10:14:00,202,110,798,110,0.37,0.26,320,422,610,C,红垦枢纽_机场互通_宁波方向建议实行管控措施，管控措施如下：道路限速：108km/h，可通行大车车道编号：1、2，是否开放可变车道：否,412,118,10,13,124,浙A***58,小汽车
机场互通_瓜沥互通_杭州方向,2021-06-12 10:14:00,269,119,750,115,0.43,0.27,409,402,708,D,机场互通_瓜沥互通_杭州方向建议实行管控措施，管控措施如下：道路限速：107km/h，可通行大车车道编号：1、2，是否开放可变车道：否,407,113,8,19,112,浙A***58,小汽车
机场互通_瓜沥互通_宁波方向,2021-06-12 10:14:00,291,131,765,117,0.51,0.38,405,420,666,A,机场互通_瓜沥互通_宁波方向建议实行管控措施，管控措施如下：道路限速：107km/h，可通行大车车道编号：1、2，是否开放可变车道：否,473,111,13,14,126,浙A***58,小汽车
瓜沥互通_柯桥互通_杭州方向,2021-06-12 10:14:00,266,100,612,106,0.51,0.29,327,401,727,D,无,458,110,12,11,104,浙A***58,小汽车
瓜沥互通_柯桥互通_宁波方向,2021-06-12 10:14:00,276,186,743,110,0.67,0.29,331,427,624,A,瓜沥互通_柯桥互通_宁波方向建议实行管控措施，管控措施如下：道路限速：109km/h，可通行大车车道编号：1、2，是否开放可变车道：否,385,108,9,15,113,浙A***58,小汽车
柯桥互通_齐贤枢纽_杭州方向,2021-06-12 10:14:00,278,143,761,106,0.6,0.21,327,428,748,B,无,459,103,3,16,130,浙A***58,小汽车
柯桥互通_齐贤枢纽_宁波方向,2021-06-12 10:14:00,281,157,711,109,0.67,0.38,403,408,689,C,柯桥互通_齐贤枢纽_宁波方向建议实行管控措施，管控措施如下：道路限速：107km/h，可通行大车车道编号：1、2，是否开放可变车道：否,428,117,9,18,108,浙A***58,小汽车
齐贤枢纽_绍兴互通_杭州方向,2021-06-12 10:14:00,247,123,681,110,0.54,0.34,351,407,683,C,齐贤枢纽_绍兴互通_杭州方向建议实行管控措施，管控措施如下：道路限速：102km/h，可通行大车车道编号：1、2，是否开放可变车道：否,378,110,8,19,124,浙A***58,小汽车
齐贤枢纽_绍兴互通_宁波方向,2021-06-12 10:14:00,260,102,748,111,0.52,0.27,353,423,654,B,无,421,102,14,15,116,浙A***58,小汽车
绍兴互通_沽渚枢纽_杭州方向,2021-06-12 10:14:00,233,182,636,111,0.36,0.32,493,427,688,C,绍兴互通_沽渚枢纽_杭州方向建议实行管控措施，管控措施如下：道路限速：108km/h，可通行大车车道编号：1、2，是否开放可变车道：否,480,111,8,14,110,浙A***58,小汽车
绍兴互通_沽渚枢纽_宁波方向,2021-06-12 10:14:00,230,120,682,106,0.25,0.24,411,417,716,A,绍兴互通_沽渚枢纽_宁波方向建议实行管控措施，管控措施如下：道路限速：102km/h，可通行大车车道编号：1、2，是否开放可变车道：否,418,105,8,13,131,浙A***58,小汽车
沽渚枢纽_上虞互通_杭州方向,2021-06-12 10:14:00,242,148,790,103,0.7,0.24,330,412,669,B,无,394,102,14,19,123,浙A***58,小汽车
沽渚枢纽_上虞互通_宁波方向,2021-06-12 10:14:00,204,171,638,105,0.44,0.33,381,408,688,D,无,301,108,9,11,127,浙A***58,小汽车
上虞互通_牟山互通_杭州方向,2021-06-12 10:14:00,242,129,786,110,0.57,0.4,404,417,603,A,无,381,107,4,12,100,浙A***58,小汽车
上虞互通_牟山互通_宁波方向,2021-06-12 10:14:00,234,115,636,115,0.59,0.21,353,423,662,D,上虞互通_牟山互通_宁波方向建议实行管控措施，管控措施如下：道路限速：108km/h，可通行大车车道编号：1、2，是否开放可变车道：否,459,118,9,16,123,浙A***58,小汽车
牟山互通_余姚西枢纽_杭州方向,2021-06-12 10:14:00,276,172,724,106,0.21,0.26,436,417,700,A,无,462,105,9,16,118,浙A***58,小汽车
牟山互通_余姚西枢纽_宁波方向,2021-06-12 10:14:00,218,115,636,118,0.29,0.23,312,420,621,C,无,470,112,10,15,123,浙A***58,小汽车
余姚西枢纽_余姚互通_杭州方向,2021-06-12 10:14:00,227,137,637,116,0.33,0.24,381,423,727,C,无,460,103,4,17,109,浙A***58,小汽车
余姚西枢纽_余姚互通_宁波方向,2021-06-12 10:14:00,246,171,625,103,0.48,0.33,360,420,605,C,余姚西枢纽_余姚互通_宁波方向建议实行管控措施，管控措施如下：道路限速：103km/h，可通行大车车道编号：1、2，是否开放可变车道：否,384,111,4,15,128,浙A***58,小汽车
余姚互通_大隐互通_杭州方向,2021-06-12 10:14:00,235,153,732,114,0.44,0.33,343,420,702,D,余姚互通_大隐互通_杭州方向建议实行管控措施，管控措施如下：道路限速：102km/h，可通行大车车道编号：1、2，是否开放可变车道：否,445,112,6,13,116,浙A***58,小汽车
余姚互通_大隐互通_宁波方向,2021-06-12 10:14:00,255,108,769,109,0.47,0.36,472,404,644,D,无,475,110,4,16,113,浙A***58,小汽车
路网,2021-06-12 10:15:00,265,160,757,107,0.28,0.36,419,401,603,A,无,350,114,4,11,115,浙A***58,小汽车
红垦枢纽_机场互通_杭州方向,2021-06-12 10:15:00,210,117,797,104,0.23,0.35,464,415,710,C,无,498,112,8,19,125,浙A***58,小汽车
红垦枢纽_机场互通_宁波方向,2021-06-12 10:15:00,286,168,734,116,0.5,0.33,423,427,602,C,红垦枢纽_机场互通_宁波方向建议实行管控措施，管控措施如下：道路限速：102km/h，可通行大车车道编号：1、2，是否开放可变车道：否,412,111,13,11,117,浙A***58,小汽车
机场互通_瓜沥互通_杭州方向,2021-06-12 10:15:00,220,199,632,108,0.57,0.37,476,417,676,D,机场互通_瓜沥互通_杭州方向建议实行管控措施，管控措施如下：道路限速：100km/h，可通行大车车道编号：1、2，是否开放可变车道：否,407,104,8,16,126,浙A***58,小汽车
机场互通_瓜沥互通_宁波方向,2021-06-12 10:15:00,234,156,726,111,0.36,0.21,354,401,703,A,机场互通_瓜沥互通_宁波方向建议实行管控措施，管控措施如下：道路限速：105km/h，可通行大车车道编号：1、2，是否开放可变车道：否,473,106,4,16,101,浙A***58,小汽车
瓜沥互通_柯桥互通_杭州方向,2021-06-12 10:15:00,241,199,754,112,0.22,0.28,390,425,677,D,无,458,113,11,18,105,浙A***58,小汽车
瓜沥互通_柯桥互通_宁波方向,2021-06-12 10:15:00,297,106,784,107,0.22,0.4,386,418,657,A,瓜沥互通_柯桥互通_宁波方向建议实行管控措施，管控措施如下：道路限速：102km/h，可通行大车车道编号：1、2，是否开放可变车道：否,385,105,8,18,118,浙A***58,小汽车
柯桥互通_齐贤枢纽_杭州方向,2021-06-12 10:15:00,267,198,691,115,0.3,0.31,372,425,705,B,无,459,102,4,13,119,浙A***58,小汽车
柯桥互通_齐贤枢纽_宁波方向,2021-06-12 10:15:00,229,198,633,111,0.65,0.27,385,411,736,C,柯桥互通_齐贤枢纽_宁波方向建议实行管控措施，管控措施如下：道路限速：109km/h，可通行大车车道编号：1、2，是否开放可变车道：否,428,117,5,16,110,浙A***58,小汽车
齐贤枢纽_绍兴互通_杭州方向,2021-06-12 10:15:00,282,183,663,111,0.43,0.38,404,411,664,C,齐贤枢纽_绍兴互通_杭州方向建议实行管控措施，管控措施如下：道路限速：101km/h，可通行大车车道编号：1、2，是否开放可变车道：否,378,105,10,15,128,浙A***58,小汽车
齐贤枢纽_绍兴互通_宁波方向,2021-06-12 10:15:00,233,100,778,104,0.4,0.22,303,404,698,B,无,421,105,3,13,121,浙A***58,小汽车
绍兴互通_沽渚枢纽_杭州方向,2021-06-12 10:15:00,208,188,654,106,0.62,0.24,388,426,646,C,绍兴互通_沽渚枢纽_杭州方向建议实行管控措施，管控措施如下：道路限速：102km/h，可通行大车车道编号：1、2，是否开放可变车道：否,480,116,8,11,109,浙A***58,小汽车
绍兴互通_沽渚枢纽_宁波方向,2021-06-12 10:15:00,276,128,766,110,0.62,0.3,353,404,691,A,绍兴互通_沽渚枢纽_宁波方向建议实行管控措施，管控措施如下：道路限速：103km/h，可通行大车车道编号：1、2，是否开放可变车道：否,418,103,12,17,106,浙A***58,小汽车
沽渚枢纽_上虞互通_杭州方向,2021-06-12 10:15:00,290,143,677,110,0.68,0.27,344,427,690,B,无,394,116,11,11,101,浙A***58,小汽车
沽渚枢纽_上虞互通_宁波方向,2021-06-12 10:15:00,260,153,765,117,0.61,0.26,472,413,716,D,无,301,102,13,17,120,浙A***58,小汽车
上虞互通_牟山互通_杭州方向,2021-06-12 10:15:00,224,178,766,105,0.62,0.35,331,409,637,A,无,381,105,3,18,120,浙A***58,小汽车
上虞互通_牟山互通_宁波方向,2021-06-12 10:15:00,251,159,746,110,0.49,0.31,483,429,673,D,上虞互通_牟山互通_宁波方向建议实行管控措施，管控措施如下：道路限速：105km/h，可通行大车车道编号：1、2，是否开放可变车道：否,459,113,5,13,129,浙A***58,小汽车
牟山互通_余姚西枢纽_杭州方向,2021-06-12 10:15:00,299,122,773,110,0.56,0.25,421,411,668,A,无,462,114,12,13,124,浙A***58,小汽车
牟山互通_余姚西枢纽_宁波方向,2021-06-12 10:15:00,294,176,710,106,0.5,0.36,473,418,680,C,无,470,103,11,13,101,浙A***58,小汽车
余姚西枢纽_余姚互通_杭州方向,2021-06-12 10:15:00,290,192,776,103,0.33,0.2,439,428,653,C,无,460,113,8,11,103,浙A***58,小汽车
余姚西枢纽_余姚互通_宁波方向,2021-06-12 10:15:00,225,183,674,117,0.59,0.38,309,402,614,C,余姚西枢纽_余姚互通_宁波方向建议实行管控措施，管控措施如下：道路限速：102km/h，可通行大车车道编号：1、2，是否开放可变车道：否,384,103,14,10,117,浙A***58,小汽车
余姚互通_大隐互通_杭州方向,2021-06-12 10:15:00,250,121,757,108,0.25,0.29,453,430,700,D,余姚互通_大隐互通_杭州方向建议实行管控措施，管控措施如下：道路限速：108km/h，可通行大车车道编号：1、2，是否开放可变车道：否,445,102,4,16,112,浙A***58,小汽车
余姚互通_大隐互通_宁波方向,2021-06-12 10:15:00,277,124,646,118,0.51,0.27,343,401,694,D,无,475,114,8,17,118,浙A***58,小汽车
路网,2021-06-12 10:16:00,299,199,606,104,0.21,0.33,374,400,672,A,无,350,103,14,10,105,浙A***58,小汽车
红垦枢纽_机场互通_杭州方向,2021-06-12 10:16:00,268,179,768,117,0.31,0.2,389,413,719,C,无,498,115,5,15,101,浙A***58,小汽车
红垦枢纽_机场互通_宁波方向,2021-06-12 10:16:00,206,137,795,109,0.2,0.29,303,412,609,C,红垦枢纽_机场互通_宁波方向建议实行管控措施，管控措施如下：道路限速：102km/h，可通行大车车道编号：1、2，是否开放可变车道：否,412,109,12,18,114,浙A***58,小汽车
机场互通_瓜沥互通_杭州方向,2021-06-12 10:16:00,235,154,759,105,0.27,0.22,360,406,636,D,机场互通_瓜沥互通_杭州方向建议实行管控措施，管控措施如下：道路限速：107km/h，可通行大车车道编号：1、2，是否开放可变车道：否,407,113,9,17,127,浙A***58,小汽车
机场互通_瓜沥互通_宁波方向,2021-06-12 10:16:00,219,100,725,116,0.63,0.36,458,415,667,A,机场互通_瓜沥互通_宁波方向建议实行管控措施，管控措施如下：道路限速：100km/h，可通行大车车道编号：1、2，是否开放可变车道：否,473,102,3,14,128,浙A***58,小汽车
瓜沥互通_柯桥互通_杭州方向,2021-06-12 10:16:00,221,182,775,104,0.46,0.22,456,404,724,D,无,458,118,8,18,131,浙A***58,小汽车
瓜沥互通_柯桥互通_宁波方向,2021-06-12 10:16:00,200,128,735,103,0.67,0.38,493,425,601,A,瓜沥互通_柯桥互通_宁波方向建议实行管控措施，管控措施如下：道路限速：106km/h，可通行大车车道编号：1、2，是否开放可变车道：否,385,108,9,19,101,浙A***58,小汽车
柯桥互通_齐贤枢纽_杭州方向,2021-06-12 10:16:00,210,120,671,116,0.61,0.39,466,415,602,B,无,459,104,5,18,130,浙A***58,小汽车
柯桥互通_齐贤枢纽_宁波方向,2021-06-12 10:16:00,203,143,705,113,0.43,0.25,480,411,646,C,柯桥互通_齐贤枢纽_宁波方向建议实行管控措施，管控措施如下：道路限速：103km/h，可通行大车车道编号：1、2，是否开放可变车道：否,428,118,6,17,118,浙A***58,小汽车
齐贤枢纽_绍兴互通_杭州方向,2021-06-12 10:16:00,214,107,616,104,0.39,0.31,352,407,730,C,齐贤枢纽_绍兴互通_杭州方向建议实行管控措施，管控措施如下：道路限速：109km/h，可通行大车车道编号：1、2，是否开放可变车道：否,378,104,6,17,109,浙A***58,小汽车
齐贤枢纽_绍兴互通_宁波方向,2021-06-12 10:16:00,207,169,604,112,0.4,0.22,327,405,701,B,无,421,110,4,17,111,浙A***58,小汽车
绍兴互通_沽渚枢纽_杭州方向,2021-06-12 10:16:00,205,110,615,110,0.69,0.39,337,430,643,C,绍兴互通_沽渚枢纽_杭州方向建议实行管控措施，管控措施如下：道路限速：104km/h，可通行大车车道编号：1、2，是否开放可变车道：否,480,110,9,18,120,浙A***58,小汽车
绍兴互通_沽渚枢纽_宁波方向,2021-06-12 10:16:00,257,141,627,105,0.6,0.31,399,415,707,A,绍兴互通_沽渚枢纽_宁波方向建议实行管控措施，管控措施如下：道路限速：109km/h，可通行大车车道编号：1、2，是否开放可变车道：否,418,113,12,18,124,浙A***58,小汽车
沽渚枢纽_上虞互通_杭州方向,2021-06-12 10:16:00,225,108,698,107,0.69,0.37,451,414,641,B,无,394,110,7,16,103,浙A***58,小汽车
沽渚枢纽_上虞互通_宁波方向,2021-06-12 10:16:00,223,166,638,116,0.57,0.35,412,402,691,D,无,301,112,13,19,100,浙A***58,小汽车
上虞互通_牟山互通_杭州方向,2021-06-12 10:16:00,293,117,662,114,0.67,0.25,401,402,659,A,无,381,108,4,18,131,浙A***58,小汽车
上虞互通_牟山互通_宁波方向,2021-06-12 10:16:00,262,178,605,117,0.25,0.31,325,407,668,D,上虞互通_牟山互通_宁波方向建议实行管控措施，管控措施如下：道路限速：101km/h，可通行大车车道编号：1、2，是否开放可变车道：否,459,107,11,16,124,浙A***58,小汽车
牟山互通_余姚西枢纽_杭州方向,2021-06-12 10:16:00,224,147,760,103,0.56,0.23,334,430,652,A,无,462,102,7,18,102,浙A***58,小汽车
牟山互通_余姚西枢纽_宁波方向,2021-06-12 10:16:00,255,109,794,108,0.43,0.3,354,419,602,C,无,470,114,5,18,101,浙A***58,小汽车
余姚西枢纽_余姚互通_杭州方向,2021-06-12 10:16:00,278,188,685,108,0.58,0.28,395,420,700,C,无,460,110,6,12,128,浙A***58,小汽车
余姚西枢纽_余姚互通_宁波方向,2021-06-12 10:16:00,284,179,646,105,0.27,0.35,473,411,686,C,余姚西枢纽_余姚互通_宁波方向建议实行管控措施，管控措施如下：道路限速：105km/h，可通行大车车道编号：1、2，是否开放可变车道：否,384,111,11,13,106,浙A***58,小汽车
余姚互通_大隐互通_杭州方向,2021-06-12 10:16:00,202,126,770,106,0.68,0.3,461,400,746,D,余姚互通_大隐互通_杭州方向建议实行管控措施，管控措施如下：道路限速：102km/h，可通行大车车道编号：1、2，是否开放可变车道：否,445,108,12,19,109,浙A***58,小汽车
余姚互通_大隐互通_宁波方向,2021-06-12 10:16:00,258,190,721,105,0.55,0.22,346,419,671,D,无,475,113,8,15,126,浙A***58,小汽车
路网,2021-06-12 10:17:00,251,143,775,104,0.5,0.38,322,404,650,A,无,350,105,7,19,102,浙A***58,小汽车
红垦枢纽_机场互通_杭州方向,2021-06-12 10:17:00,227,185,750,118,0.2,0.23,425,412,667,C,无,498,108,5,17,114,浙A***58,小汽车
红垦枢纽_机场互通_宁波方向,2021-06-12 10:17:00,293,156,705,103,0.53,0.38,321,414,733,C,红垦枢纽_机场互通_宁波方向建议实行管控措施，管控措施如下：道路限速：102km/h，可通行大车车道编号：1、2，是否开放可变车道：否,412,106,11,19,131,浙A***58,小汽车
机场互通_瓜沥互通_杭州方向,2021-06-12 10:17:00,263,171,793,103,0.36,0.34,429,428,641,D,机场互通_瓜沥互通_杭州方向建议实行管控措施，管控措施如下：道路限速：103km/h，可通行大车车道编号：1、2，是否开放可变车道：否,407,106,9,13,121,浙A***58,小汽车
机场互通_瓜沥互通_宁波方向,2021-06-12 10:17:00,288,184,774,113,0.22,0.38,470,423,672,A,机场互通_瓜沥互通_宁波方向建议实行管控措施，管控措施如下：道路限速：104km/h，可通行大车车道编号：1、2，是否开放可变车道：否,473,110,12,13,116,浙A***58,小汽车
瓜沥互通_柯桥互通_杭州方向,2021-06-12 10:17:00,298,167,732,116,0.41,0.37,455,428,646,D,无,458,105,14,19,131,浙A***58,小汽车
瓜沥互通_柯桥互通_宁波方向,2021-06-12 10:17:00,236,151,632,117,0.44,0.29,446,413,633,A,瓜沥互通_柯桥互通_宁波方向建议实行管控措施，管控措施如下：道路限速：107km/h，可通行大车车道编号：1、2，是否开放可变车道：否,385,114,7,11,104,浙A***58,小汽车
柯桥互通_齐贤枢纽_杭州方向,2021-06-12 10:17:00,226,164,710,104,0.61,0.31,441,417,694,B,无,459,103,14,16,128,浙A***58,小汽车
柯桥互通_齐贤枢纽_宁波方向,2021-06-12 10:17:00,273,170,728,118,0.44,0.2,405,417,706,C,柯桥互通_齐贤枢纽_宁波方向建议实行管控措施，管控措施如下：道路限速：105km/h，可通行大车车道编号：1、2，是否开放可变车道：否,428,102,8,11,113,浙A***58,小汽车
齐贤枢纽_绍兴互通_杭州方向,2021-06-12 10:17:00,296,148,601,111,0.27,0.29,313,422,694,C,齐贤枢纽_绍兴互通_杭州方向建议实行管控措施，管控措施如下：道路限速：107km/h，可通行大车车道编号：1、2，是否开放可变车道：否,378,103,4,17,127,浙A***58,小汽车
齐贤枢纽_绍兴互通_宁波方向,2021-06-12 10:17:00,252,100,608,104,0.44,0.38,395,417,618,B,无,421,112,3,14,103,浙A***58,小汽车
绍兴互通_沽渚枢纽_杭州方向,2021-06-12 10:17:00,229,127,648,107,0.48,0.36,348,409,706,C,绍兴互通_沽渚枢纽_杭州方向建议实行管控措施，管控措施如下：道路限速：107km/h，可通行大车车道编号：1、2，是否开放可变车道：否,480,111,7,17,113,浙A***58,小汽车
绍兴互通_沽渚枢纽_宁波方向,2021-06-12 10:17:00,293,130,782,116,0.21,0.38,446,401,632,A,绍兴互通_沽渚枢纽_宁波方向建议实行管控措施，管控措施如下：道路限速：103km/h，可通行大车车道编号：1、2，是否开放可变车道：否,418,113,7,10,100,浙A***58,小汽车
沽渚枢纽_上虞互通_杭州方向,2021-06-12 10:17:00,283,125,734,103,0.43,0.34,407,422,726,B,无,394,105,13,14,131,浙A***58,小汽车
沽渚枢纽_上虞互通_宁波方向,2021-06-12 10:17:00,232,133,711,110,0.29,0.37,488,420,652,D,无,301,115,6,13,109,浙A***58,小汽车
上虞互通_牟山互通_杭州方向,2021-06-12 10:17:00,286,145,644,108,0.3,0.38,333,431,653,A,无,381,113,10,12,130,浙A***58,小汽车
上虞互通_牟山互通_宁波方向,2021-06-12 10:17:00,208,110,720,103,0.29,0.29,311,424,741,D,上虞互通_牟山互通_宁波方向建议实行管控措施，管控措施如下：道路限速：104km/h，可通行大车车道编号：1、2，是否开放可变车道：否,459,104,9,13,101,浙A***58,小汽车
牟山互通_余姚西枢纽_杭州方向,2021-06-12 10:17:00,264,155,652,118,0.3,0.23,492,419,621,A,无,462,116,9,16,114,浙A***58,小汽车
牟山互通_余姚西枢纽_宁波方向,2021-06-12 10:17:00,231,135,760,110,0.23,0.36,338,419,645,C,无,470,115,10,14,105,浙A***58,小汽车
余姚西枢纽_余姚互通_杭州方向,2021-06-12 10:17:00,286,103,717,112,0.62,0.32,389,406,675,C,无,460,114,5,19,111,浙A***58,小汽车
余姚西枢纽_余姚互通_宁波方向,2021-06-12 10:17:00,239,156,652,118,0.53,0.24,440,406,605,C,余姚西枢纽_余姚互通_宁波方向建议实行管控措施，管控措施如下：道路限速：108km/h，可通行大车车道编号：1、2，是否开放可变车道：否,384,110,10,14,104,浙A***58,小汽车
余姚互通_大隐互通_杭州方向,2021-06-12 10:17:00,292,186,638,113,0.37,0.2,415,423,670,D,余姚互通_大隐互通_杭州方向建议实行管控措施，管控措施如下：道路限速：104km/h，可通行大车车道编号：1、2，是否开放可变车道：否,445,108,10,11,111,浙A***58,小汽车
余姚互通_大隐互通_宁波方向,2021-06-12 10:17:00,290,146,793,108,0.57,0.32,348,415,626,D,无,475,105,10,15,121,浙A***58,小汽车
路网,2021-06-12 10:18:00,253,132,797,114,0.42,0.36,322,408,735,A,无,350,117,12,11,131,浙A***58,小汽车
红垦枢纽_机场互通_杭州方向,2021-06-12 10:18:00,267,101,672,104,0.5,0.29,351,416,627,C,无,498,102,8,16,102,浙A***58,小汽车
红垦枢纽_机场互通_宁波方向,2021-06-12 10:18:00,247,194,763,107,0.46,0.27,317,405,602,C,红垦枢纽_机场互通_宁波方向建议实行管控措施，管控措施如下：道路限速：106km/h，可通行大车车道编号：1、2，是否开放可变车道：否,412,107,8,11,100,浙A***58,小汽车
机场互通_瓜沥互通_杭州方向,2021-06-12 10:18:00,274,145,630,104,0.48,0.32,442,429,653,D,机场互通_瓜沥互通_杭州方向建议实行管控措施，管控措施如下：道路限速：106km/h，可通行大车车道编号：1、2，是否开放可变车道：否,407,117,11,15,102,浙A***58,小汽车
机场互通_瓜沥互通_宁波方向,2021-06-12 10:18:00,228,120,756,117,0.28,0.28,455,414,648,A,机场互通_瓜沥互通_宁波方向建议实行管控措施，管控措施如下：道路限速：106km/h，可通行大车车道编号：1、2，是否开放可变车道：否,473,118,10,17,104,浙A***58,小汽车
瓜沥互通_柯桥互通_杭州方向,2021-06-12 10:18:00,221,110,676,113,0.41,0.34,408,414,689,D,无,458,109,6,10,122,浙A***58,小汽车
瓜沥互通_柯桥互通_宁波方向,2021-06-12 10:18:00,234,111,763,103,0.36,0.33,465,423,632,A,瓜沥互通_柯桥互通_宁波方向建议实行管控措施，管控措施如下：道路限速：108km/h，可通行大车车道编号：1、2，是否开放可变车道：否,385,111,7,10,115,浙A***58,小汽车
柯桥互通_齐贤枢纽_杭州方向,2021-06-12 10:18:00,222,108,640,113,0.58,0.33,477,418,649,B,无,459,115,3,18,110,浙A***58,小汽车
柯桥互通_齐贤枢纽_宁波方向,2021-06-12 10:18:00,249,130,749,113,0.53,0.23,412,422,632,C,柯桥互通_齐贤枢纽_宁波方向建议实行管控措施，管控措施如下：道路限速：103km/h，可通行大车车道编号：1、2，是否开放可变车道：否,428,115,6,17,128,浙A***58,小汽车
齐贤枢纽_绍兴互通_杭州方向,2021-06-12 10:18:00,287,135,795,108,0.52,0.29,309,405,630,C,齐贤枢纽_绍兴互通_杭州方向建议实行管控措施，管控措施如下：道路限速：105km/h，可通行大车车道编号：1、2，是否开放可变车道：否,378,112,10,14,126,浙A***58,小汽车
齐贤枢纽_绍兴互通_宁波方向,2021-06-12 10:18:00,256,120,671,107,0.49,0.34,388,416,703,B,无,421,118,3,19,122,浙A***58,小汽车
绍兴互通_沽渚枢纽_杭州方向,2021-06-12 10:18:00,238,156,727,118,0.3,0.37,437,424,670,C,绍兴互通_沽渚枢纽_杭州方向建议实行管控措施，管控措施如下：道路限速：108km/h，可通行大车车道编号：1、2，是否开放可变车道：否,480,118,12,12,111,浙A***58,小汽车
绍兴互通_沽渚枢纽_宁波方向,2021-06-12 10:18:00,293,156,774,113,0.24,0.35,363,430,726,A,绍兴互通_沽渚枢纽_宁波方向建议实行管控措施，管控措施如下：道路限速：108km/h，可通行大车车道编号：1、2，是否开放可变车道：否,418,103,5,10,105,浙A***58,小汽车
沽渚枢纽_上虞互通_杭州方向,2021-06-12 10:18:00,213,164,646,118,0.43,0.25,428,429,604,B,无,394,116,4,14,120,浙A***58,小汽车
沽渚枢纽_上虞互通_宁波方向,2021-06-12 10:18:00,298,163,650,116,0.21,0.29,334,420,697,D,无,301,104,8,15,100,浙A***58,小汽车
上虞互通_牟山互通_杭州方向,2021-06-12 10:18:00,202,152,728,115,0.52,0.22,307,405,742,A,无,381,106,4,13,131,浙A***58,小汽车
上虞互通_牟山互通_宁波方向,2021-06-12 10:18:00,290,162,758,118,0.35,0.22,460,419,641,D,上虞互通_牟山互通_宁波方向建议实行管控措施，管控措施如下：道路限速：105km/h，可通行大车车道编号：1、2，是否开放可变车道：否,459,103,6,14,102,浙A***58,小汽车
牟山互通_余姚西枢纽_杭州方向,2021-06-12 10:18:00,213,174,648,111,0.62,0.34,458,417,665,A,无,462,112,4,13,125,浙A***58,小汽车
牟山互通_余姚西枢纽_宁波方向,2021-06-12 10:18:00,273,100,627,107,0.41,0.23,458,409,705,C,无,470,106,5,12,123,浙A***58,小汽车
余姚西枢纽_余姚互通_杭州方向,2021-06-12 10:18:00,251,162,791,107,0.52,0.3,330,424,742,C,无,460,116,4,14,107,浙A***58,小汽车
余姚西枢纽_余姚互通_宁波方向,2021-06-12 10:18:00,248,181,793,118,0.4,0.22,368,404,645,C,余姚西枢纽_余姚互通_宁波方向建议实行管控措施，管控措施如下：道路限速：103km/h，可通行大车车道编号：1、2，是否开放可变车道：否,384,111,10,11,110,浙A***58,小汽车
余姚互通_大隐互通_杭州方向,2021-06-12 10:18:00,269,172,647,103,0.44,0.34,419,421,750,D,余姚互通_大隐互通_杭州方向建议实行管控措施，管控措施如下：道路限速：100km/h，可通行大车车道编号：1、2，是否开放可变车道：否,445,115,14,12,129,浙A***58,小汽车
余姚互通_大隐互通_宁波方向,2021-06-12 10:18:00,233,186,640,108,0.64,0.38,473,408,650,D,无,475,118,12,10,125,浙A***58,小汽车
路网,2021-06-12 10:19:00,282,151,660,109,0.41,0.33,488,403,752,A,无,350,107,14,19,131,浙A***58,小汽车
红垦枢纽_机场互通_杭州方向,2021-06-12 10:19:00,219,132,659,110,0.46,0.22,316,430,671,C,无,498,116,13,13,124,浙A***58,小汽车
红垦枢纽_机场互通_宁波方向,2021-06-12 10:19:00,295,182,739,114,0.42,0.22,303,425,668,C,红垦枢纽_机场互通_宁波方向建议实行管控措施，管控措施如下：道路限速：106km/h，可通行大车车道编号：1、2，是否开放可变车道：否,412,110,4,17,125,浙A***58,小汽车
机场互通_瓜沥互通_杭州方向,2021-06-12 10:19:00,257,139,796,105,0.37,0.26,355,411,722,D,机场互通_瓜沥互通_杭州方向建议实行管控措施，管控措施如下：道路限速：102km/h，可通行大车车道编号：1、2，是否开放可变车道：否,407,117,3,17,115,浙A***58,小汽车
机场互通_瓜沥互通_宁波方向,2021-06-12 10:19:00,216,160,703,107,0.39,0.2,386,401,679,A,机场互通_瓜沥互通_宁波方向建议实行管控措施，管控措施如下：道路限速：104km/h，可通行大车车道编号：1、2，是否开放可变车道：否,473,106,13,17,105,浙A***58,小汽车
瓜沥互通_柯桥互通_杭州方向,2021-06-12 10:19:00,202,136,707,113,0.68,0.24,460,415,663,D,无,458,109,14,16,124,浙A***58,小汽车
瓜沥互通_柯桥互通_宁波方向,2021-06-12 10:19:00,247,125,780,103,0.4,0.32,302,410,642,A,瓜沥互通_柯桥互通_宁波方向建议实行管控措施，管控措施如下：道路限速：108km/h，可通行大车车道编号：1、2，是否开放可变车道：否,385,111,3,15,107,浙A***58,小汽车
柯桥互通_齐贤枢纽_杭州方向,2021-06-12 10:19:00,295,123,623,112,0.5,0.31,391,418,672,B,无,459,110,14,16,119,浙A***58,小汽车
柯桥互通_齐贤枢纽_宁波方向,2021-06-12 10:19:00,250,114,780,111,0.35,0.33,491,426,662,C,柯桥互通_齐贤枢纽_宁波方向建议实行管控措施，管控措施如下：道路限速：109km/h，可通行大车车道编号：1、2，是否开放可变车道：否,428,118,9,12,121,浙A***58,小汽车
齐贤枢纽_绍兴互通_杭州方向,2021-06-12 10:19:00,267,121,680,116,0.26,0.21,451,406,654,C,齐贤枢纽_绍兴互通_杭州方向建议实行管控措施，管控措施如下：道路限速：105km/h，可通行大车车道编号：1、2，是否开放可变车道：否,378,118,12,12,110,浙A***58,小汽车
齐贤枢纽_绍兴互通_宁波方向,2021-06-12 10:19:00,224,119,613,116,0.31,0.35,367,422,612,B,无,421,112,10,17,118,浙A***58,小汽车
绍兴互通_沽渚枢纽_杭州方向,2021-06-12 10:19:00,252,169,742,107,0.57,0.24,343,417,748,C,绍兴互通_沽渚枢纽_杭州方向建议实行管控措施，管控措施如下：道路限速：100km/h，可通行大车车道编号：1、2，是否开放可变车道：否,480,113,10,14,112,浙A***58,小汽车
绍兴互通_沽渚枢纽_宁波方向,2021-06-12 10:19:00,280,130,612,114,0.37,0.37,306,416,727,A,绍兴互通_沽渚枢纽_宁波方向建议实行管控措施，管控措施如下：道路限速：106km/h，可通行大车车道编号：1、2，是否开放可变车道：否,418,106,8,19,120,浙A***58,小汽车
沽渚枢纽_上虞互通_杭州方向,2021-06-12 10:19:00,298,156,746,118,0.31,0.24,444,401,698,B,无,394,111,3,12,116,浙A***58,小汽车
沽渚枢纽_上虞互通_宁波方向,2021-06-12 10:19:00,295,166,679,112,0.36,0.21,386,428,649,D,无,301,118,13,14,128,浙A***58,小汽车
上虞互通_牟山互通_杭州方向,2021-06-12 10:19:00,250,176,718,116,0.33,0.36,445,417,730,A,无,381,109,5,13,126,浙A***58,小汽车
上虞互通_牟山互通_宁波方向,2021-06-12 10:19:00,220,129,619,116,0.36,0.31,417,424,713,D,上虞互通_牟山互通_宁波方向建议实行管控措施，管控措施如下：道路限速：105km/h，可通行大车车道编号：1、2，是否开放可变车道：否,459,114,6,15,102,浙A***58,小汽车
牟山互通_余姚西枢纽_杭州方向,2021-06-12 10:19:00,227,177,760,106,0.49,0.35,346,401,605,A,无,462,113,6,15,118,浙A***58,小汽车
牟山互通_余姚西枢纽_宁波方向,2021-06-12 10:19:00,263,110,786,116,0.52,0.27,316,419,706,C,无,470,105,6,17,124,浙A***58,小汽车
余姚西枢纽_余姚互通_杭州方向,2021-06-12 10:19:00,291,161,683,110,0.66,0.3,351,425,604,C,无,460,116,7,18,114,浙A***58,小汽车
余姚西枢纽_余姚互通_宁波方向,2021-06-12 10:19:00,247,190,758,108,0.63,0.28,353,411,735,C,余姚西枢纽_余姚互通_宁波方向建议实行管控措施，管控措施如下：道路限速：105km/h，可通行大车车道编号：1、2，是否开放可变车道：否,384,103,3,18,111,浙A***58,小汽车
余姚互通_大隐互通_杭州方向,2021-06-12 10:19:00,236,198,683,118,0.58,0.35,394,431,720,D,余姚互通_大隐互通_杭州方向建议实行管控措施，管控措施如下：道路限速：109km/h，可通行大车车道编号：1、2，是否开放可变车道：否,445,115,13,16,101,浙A***58,小汽车
余姚互通_大隐互通_宁波方向,2021-06-12 10:19:00,266,179,762,117,0.34,0.27,482,421,629,D,无,475,115,6,19,124,浙A***58,小汽车
路网,2021-06-12 10:20:00,207,115,663,103,0.66,0.23,363,400,632,C,无,354,111,5,19,123,浙A***58,小汽车
红垦枢纽_机场互通_杭州方向,2021-06-12 10:20:00,204,170,746,105,0.21,0.3,468,418,706,B,红垦枢纽_机场互通_杭州方向建议实行管控措施，管控措施如下：道路限速：103km/h，可通行大车车道编号：1、2，是否开放可变车道：否,379,113,11,13,125,浙A***58,小汽车
红垦枢纽_机场互通_宁波方向,2021-06-12 10:20:00,299,148,657,112,0.52,0.38,397,403,613,D,红垦枢纽_机场互通_宁波方向建议实行管控措施，管控措施如下：道路限速：102km/h，可通行大车车道编号：1、2，是否开放可变车道：否,347,105,12,13,131,浙A***58,小汽车
机场互通_瓜沥互通_杭州方向,2021-06-12 10:20:00,272,193,618,116,0.42,0.34,335,416,667,D,机场互通_瓜沥互通_杭州方向建议实行管控措施，管控措施如下：道路限速：104km/h，可通行大车车道编号：1、2，是否开放可变车道：否,341,109,13,14,113,浙A***58,小汽车
机场互通_瓜沥互通_宁波方向,2021-06-12 10:20:00,200,173,763,113,0.24,0.38,306,415,716,C,机场互通_瓜沥互通_宁波方向建议实行管控措施，管控措施如下：道路限速：102km/h，可通行大车车道编号：1、2，是否开放可变车道：否,432,111,10,17,109,浙A***58,小汽车
瓜沥互通_柯桥互通_杭州方向,2021-06-12 10:20:00,251,198,747,115,0.24,0.35,427,406,635,C,无,436,108,3,11,105,浙A***58,小汽车
瓜沥互通_柯桥互通_宁波方向,2021-06-12 10:20:00,213,162,720,104,0.33,0.31,419,417,727,D,无,464,102,8,11,125,浙A***58,小汽车
柯桥互通_齐贤枢纽_杭州方向,2021-06-12 10:20:00,209,176,686,114,0.61,0.24,395,419,600,D,无,397,115,11,16,129,浙A***58,小汽车
柯桥互通_齐贤枢纽_宁波方向,2021-06-12 10:20:00,219,106,738,113,0.54,0.37,389,405,646,C,无,311,103,7,19,120,浙A***58,小汽车
齐贤枢纽_绍兴互通_杭州方向,2021-06-12 10:20:00,294,130,739,117,0.42,0.29,304,410,611,B,无,437,117,8,12,129,浙A***58,小汽车
齐贤枢纽_绍兴互通_宁波方向,2021-06-12 10:20:00,296,121,720,109,0.32,0.21,409,401,708,D,无,423,103,12,19,128,浙A***58,小汽车
绍兴互通_沽渚枢纽_杭州方向,2021-06-12 10:20:00,238,167,753,104,0.44,0.31,480,403,705,A,绍兴互通_沽渚枢纽_杭州方向建议实行管控措施，管控措施如下：道路限速：103km/h，可通行大车车道编号：1、2，是否开放可变车道：否,443,113,8,12,117,浙A***58,小汽车
绍兴互通_沽渚枢纽_宁波方向,2021-06-12 10:20:00,226,175,798,104,0.32,0.21,416,409,610,A,无,488,105,7,11,129,浙A***58,小汽车
沽渚枢纽_上虞互通_杭州方向,2021-06-12 10:20:00,277,103,608,108,0.42,0.2,315,419,605,A,沽渚枢纽_上虞互通_杭州方向建议实行管控措施，管控措施如下：道路限速：101km/h，可通行大车车道编号：1、2，是否开放可变车道：否,383,103,7,16,121,浙A***58,小汽车
沽渚枢纽_上虞互通_宁波方向,2021-06-12 10:20:00,249,119,692,103,0.68,0.35,458,417,732,C,无,457,113,11,12,102,浙A***58,小汽车
上虞互通_牟山互通_杭州方向,2021-06-12 10:20:00,209,132,606,110,0.42,0.27,491,401,723,D,无,434,114,13,18,114,浙A***58,小汽车
上虞互通_牟山互通_宁波方向,2021-06-12 10:20:00,284,123,756,115,0.47,0.2,327,429,641,B,无,472,110,3,14,127,浙A***58,小汽车
牟山互通_余姚西枢纽_杭州方向,2021-06-12 10:20:00,239,151,627,105,0.22,0.32,456,428,728,A,无,379,116,14,12,104,浙A***58,小汽车
牟山互通_余姚西枢纽_宁波方向,2021-06-12 10:20:00,222,150,745,103,0.6,0.33,453,413,688,B,牟山互通_余姚西枢纽_宁波方向建议实行管控措施，管控措施如下：道路限速：108km/h，可通行大车车道编号：1、2，是否开放可变车道：否,468,115,6,16,104,浙A***58,小汽车
余姚西枢纽_余姚互通_杭州方向,2021-06-12 10:20:00,284,142,696,115,0.33,0.27,353,424,617,B,无,416,115,10,11,106,浙A***58,小汽车
余姚西枢纽_余姚互通_宁波方向,2021-06-12 10:20:00,295,161,783,116,0.38,0.22,401,419,706,C,余姚西枢纽_余姚互通_宁波方向建议实行管控措施，管控措施如下：道路限速：103km/h，可通行大车车道编号：1、2，是否开放可变车道：否,372,106,5,12,129,浙A***58,小汽车
余姚互通_大隐互通_杭州方向,2021-06-12 10:20:00,263,113,733,108,0.64,0.21,351,419,723,D,余姚互通_大隐互通_杭州方向建议实行管控措施，管控措施如下：道路限速：109km/h，可通行大车车道编号：1、2，是否开放可变车道：否,464,110,14,12,123,浙A***58,小汽车
余姚互通_大隐互通_宁波方向,2021-06-12 10:20:00,216,164,664,113,0.65,0.28,336,430,718,B,无,302,106,12,14,125,浙A***58,小汽车
路网,2021-06-12 10:21:00,246,107,751,115,0.51,0.22,314,405,735,C,无,354,118,5,19,120,浙A***58,小汽车
红垦枢纽_机场互通_杭州方向,2021-06-12 10:21:00,295,130,680,103,0.38,0.34,499,429,700,B,红垦枢纽_机场互通_杭州方向建议实行管控措施，管控措施如下：道路限速：109km/h，可通行大车车道编号：1、2，是否开放可变车道：否,379,115,11,19,100,浙A***58,小汽车
红垦枢纽_机场互通_宁波方向,2021-06-12 10:21:00,218,150,778,105,0.45,0.29,341,403,663,D,红垦枢纽_机场互通_宁波方向建议实行管控措施，管控措施如下：道路限速：104km/h，可通行大车车道编号：1、2，是否开放可变车道：否,347,105,6,10,129,浙A***58,小汽车
机场互通_瓜沥互通_杭州方向,2021-06-12 10:21:00,297,160,725,115,0.52,0.32,357,420,680,D,机场互通_瓜沥互通_杭州方向建议实行管控措施，管控措施如下：道路限速：106km/h，可通行大车车道编号：1、2，是否开放可变车道：否,341,114,14,13,100,浙A***58,小汽车
机场互通_瓜沥互通_宁波方向,2021-06-12 10:21:00,263,142,793,103,0.37,0.27,472,425,606,C,机场互通_瓜沥互通_宁波方向建议实行管控措施，管控措施如下：道路限速：107km/h，可通行大车车道编号：1、2，是否开放可变车道：否,432,107,14,18,121,浙A***58,小汽车
瓜沥互通_柯桥互通_杭州方向,2021-06-12 10:21:00,223,154,747,111,0.22,0.3,432,420,605,C,无,436,114,10,12,125,浙A***58,小汽车
瓜沥互通_柯桥互通_宁波方向,2021-06-12 10:21:00,211,178,726,104,0.54,0.2,469,402,748,D,无,464,117,14,16,109,浙A***58,小汽车
柯桥互通_齐贤枢纽_杭州方向,2021-06-12 10:21:00,299,192,710,108,0.56,0.3,346,425,678,D,无,397,116,11,15,113,浙A***58,小汽车
柯桥互通_齐贤枢纽_宁波方向,2021-06-12 10:21:00,205,194,621,113,0.45,0.39,482,430,633,C,无,311,104,14,11,130,浙A***58,小汽车
齐贤枢纽_绍兴互通_杭州方向,2021-06-12 10:21:00,274,168,741,112,0.39,0.31,301,400,629,B,无,437,116,11,17,101,浙A***58,小汽车
齐贤枢纽_绍兴互通_宁波方向,2021-06-12 10:21:00,262,145,691,118,0.38,0.22,396,420,706,D,无,423,114,3,17,108,浙A***58,小汽车
绍兴互通_沽渚枢纽_杭州方向,2021-06-12 10:21:00,258,163,618,111,0.49,0.38,441,424,728,A,绍兴互通_沽渚枢纽_杭州方向建议实行管控措施，管控措施如下：道路限速：105km/h，可通行大车车道编号：1、2，是否开放可变车道：否,443,115,12,18,106,浙A***58,小汽车
绍兴互通_沽渚枢纽_宁波方向,2021-06-12 10:21:00,244,193,701,104,0.21,0.38,424,405,742,A,无,488,114,4,10,109,浙A***58,小汽车
沽渚枢纽_上虞互通_杭州方向,2021-06-12 10:21:00,255,125,710,110,0.38,0.39,425,407,704,A,沽渚枢纽_上虞互通_杭州方向建议实行管控措施，管控措施如下：道路限速：107km/h，可通行大车车道编号：1、2，是否开放可变车道：否,383,108,10,18,121,浙A***58,小汽车
沽渚枢纽_上虞互通_宁波方向,2021-06-12 10:21:00,245,101,602,107,0.66,0.28,422,426,619,C,无,457,109,11,11,122,浙A***58,小汽车
上虞互通_牟山互通_杭州方向,2021-06-12 10:21:00,267,191,765,105,0.24,0.34,314,403,627,D,无,434,117,8,18,104,浙A***58,小汽车
上虞互通_牟山互通_宁波方向,2021-06-12 10:21:00,277,167,759,111,0.62,0.32,423,417,671,B,无,472,109,12,15,100,浙A***58,小汽车
牟山互通_余姚西枢纽_杭州方向,2021-06-12 10:21:00,278,146,734,113,0.49,0.33,300,428,735,A,无,379,113,8,13,106,浙A***58,小汽车
牟山互通_余姚西枢纽_宁波方向,2021-06-12 10:21:00,252,149,742,114,0.46,0.31,322,427,691,B,牟山互通_余姚西枢纽_宁波方向建议实行管控措施，管控措施如下：道路限速：100km/h，可通行大车车道编号：1、2，是否开放可变车道：否,468,105,14,17,113,浙A***58,小汽车
余姚西枢纽_余姚互通_杭州方向,2021-06-12 10:21:00,238,154,741,111,0.63,0.28,484,412,701,B,无,416,115,13,17,102,浙A***58,小汽车
余姚西枢纽_余姚互通_宁波方向,2021-06-12 10:21:00,293,187,769,114,0.37,0.3,320,419,684,C,余姚西枢纽_余姚互通_宁波方向建议实行管控措施，管控措施如下：道路限速：105km/h，可通行大车车道编号：1、2，是否开放可变车道：否,372,110,7,15,118,浙A***58,小汽车
余姚互通_大隐互通_杭州方向,2021-06-12 10:21:00,256,188,631,118,0.28,0.39,350,429,624,D,余姚互通_大隐互通_杭州方向建议实行管控措施，管控措施如下：道路限速：104km/h，可通行大车车道编号：1、2，是否开放可变车道：否,464,117,7,18,107,浙A***58,小汽车
余姚互通_大隐互通_宁波方向,2021-06-12 10:21:00,235,163,747,109,0.41,0.22,321,414,729,B,无,302,110,13,16,102,浙A***58,小汽车
路网,2021-06-12 10:22:00,234,165,681,111,0.55,0.34,388,400,655,C,无,354,103,10,17,115,浙A***58,小汽车
红垦枢纽_机场互通_杭州方向,2021-06-12 10:22:00,263,176,764,112,0.3,0.39,442,404,627,B,红垦枢纽_机场互通_杭州方向建议实行管控措施，管控措施如下：道路限速：103km/h，可通行大车车道编号：1、2，是否开放可变车道：否,379,115,8,16,118,浙A***58,小汽车
红垦枢纽_机场互通_宁波方向,2021-06-12 10:22:00,220,128,794,106,0.38,0.33,326,427,652,D,红垦枢纽_机场互通_宁波方向建议实行管控措施，管控措施如下：道路限速：100km/h，可通行大车车道编号：1、2，是否开放可变车道：否,347,111,13,18,102,浙A***58,小汽车
机场互通_瓜沥互通_杭州方向,2021-06-12 10:22:00,220,113,719,116,0.53,0.29,430,412,688,D,机场互通_瓜沥互通_杭州方向建议实行管控措施，管控措施如下：道路限速：102km/h，可通行大车车道编号：1、2，是否开放可变车道：否,341,102,6,16,130,浙A***58,小汽车
机场互通_瓜沥互通_宁波方向,2021-06-12 10:22:00,256,184,608,111,0.42,0.28,436,416,706,C,机场互通_瓜沥互通_宁波方向建议实行管控措施，管控措施如下：道路限速：100km/h，可通行大车车道编号：1、2，是否开放可变车道：否,432,102,7,15,117,浙A***58,小汽车
瓜沥互通_柯桥互通_杭州方向,2021-06-12 10:22:00,200,182,779,114,0.6,0.27,321,403,631,C,无,436,107,6,13,115,浙A***58,小汽车
瓜沥互通_柯桥互通_宁波方向,2021-06-12 10:22:00,278,113,734,118,0.46,0.35,300,429,721,D,无,464,112,8,19,125,浙A***58,小汽车
柯桥互通_齐贤枢纽_杭州方向,2021-06-12 10:22:00,245,189,773,109,0.58,0.39,434,409,710,D,无,397,116,8,16,121,浙A***58,小汽车
柯桥互通_齐贤枢纽_宁波方向,2021-06-12 10:22:00,285,141,740,114,0.29,0.2,416,422,609,C,无,311,103,14,16,125,浙A***58,小汽车
齐贤枢纽_绍兴互通_杭州方向,2021-06-12 10:22:00,240,167,752,104,0.25,0.3,349,431,695,B,无,437,114,7,19,129,浙A***58,小汽车
齐贤枢纽_绍兴互通_宁波方向,2021-06-12 10:22:00,215,156,634,111,0.36,0.36,393,426,728,D,无,423,108,14,18,110,浙A***58,小汽车
绍兴互通_沽渚枢纽_杭州方向,2021-06-12 10:22:00,297,129,777,112,0.58,0.39,463,425,639,A,绍兴互通_沽渚枢纽_杭州方向建议实行管控措施，管控措施如下：道路限速：107km/h，可通行大车车道编号：1、2，是否开放可变车道：否,443,102,7,19,129,浙A***58,小汽车
绍兴互通_沽渚枢纽_宁波方向,2021-06-12 10:22:00,250,188,638,113,0.25,0.32,385,406,644,A,无,488,110,7,10,126,浙A***58,小汽车
沽渚枢纽_上虞互通_杭州方向,2021-06-12 10:22:00,250,186,668,114,0.37,0.2,319,427,658,A,沽渚枢纽_上虞互通_杭州方向建议实行管控措施，管控措施如下：道路限速：106km/h，可通行大车车道编号：1、2，是否开放可变车道：否,383,112,3,15,102,浙A***58,小汽车
沽渚枢纽_上虞互通_宁波方向,2021-06-12 10:22:00,250,137,696,117,0.26,0.25,303,404,684,C,无,457,113,7,11,131,浙A***58,小汽车
上虞互通_牟山互通_杭州方向,2021-06-12 10:22:00,201,159,610,111,0.36,0.28,338,424,685,D,无,434,105,3,15,122,浙A***58,小汽车
上虞互通_牟山互通_宁波方向,2021-06-12 10:22:00,237,120,661,110,0.2,0.33,346,427,600,B,无,472,105,3,14,130,浙A***58,小汽车
牟山互通_余姚西枢纽_杭州方向,2021-06-12 10:22:00,290,152,716,107,0.34,0.31,382,408,677,A,无,379,105,13,16,115,浙A***58,小汽车
牟山互通_余姚西枢纽_宁波方向,2021-06-12 10:22:00,243,172,685,115,0.69,0.25,320,418,610,B,牟山互通_余姚西枢纽_宁波方向建议实行管控措施，管控措施如下：道路限速：100km/h，可通行大车车道编号：1、2，是否开放可变车道：否,468,104,12,14,117,浙A***58,小汽车
余姚西枢纽_余姚互通_杭州方向,2021-06-12 10:22:00,211,171,646,106,0.44,0.28,318,429,620,B,无,416,102,14,16,131,浙A***58,小汽车
余姚西枢纽_余姚互通_宁波方向,2021-06-12 10:22:00,246,139,725,118,0.24,0.2,418,407,746,C,余姚西枢纽_余姚互通_宁波方向建议实行管控措施，管控措施如下：道路限速：104km/h，可通行大车车道编号：1、2，是否开放可变车道：否,372,104,14,14,129,浙A***58,小汽车
余姚互通_大隐互通_杭州方向,2021-06-12 10:22:00,222,131,683,111,0.66,0.38,465,423,629,D,余姚互通_大隐互通_杭州方向建议实行管控措施，管控措施如下：道路限速：100km/h，可通行大车车道编号：1、2，是否开放可变车道：否,464,118,4,17,101,浙A***58,小汽车
余姚互通_大隐互通_宁波方向,2021-06-12 10:22:00,279,157,729,118,0.6,0.28,421,416,612,B,无,302,110,13,18,105,浙A***58,小汽车
路网,2021-06-12 10:23:00,201,173,699,111,0.46,0.39,426,420,717,C,无,354,105,5,11,101,浙A***58,小汽车
红垦枢纽_机场互通_杭州方向,2021-06-12 10:23:00,231,161,716,114,0.37,0.3,365,424,706,B,红垦枢纽_机场互通_杭州方向建议实行管控措施，管控措施如下：道路限速：105km/h，可通行大车车道编号：1、2，是否开放可变车道：否,379,106,7,12,125,浙A***58,小汽车
红垦枢纽_机场互通_宁波方向,2021-06-12 10:23:00,289,129,710,103,0.56,0.34,440,409,721,D,红垦枢纽_机场互通_宁波方向建议实行管控措施，管控措施如下：道路限速：103km/h，可通行大车车道编号：1、2，是否开放可变车道：否,347,103,11,13,131,浙A***58,小汽车
机场互通_瓜沥互通_杭州方向,2021-06-12 10:23:00,234,177,729,116,0.57,0.21,457,420,606,D,机场互通_瓜沥互通_杭州方向建议实行管控措施，管控措施如下：道路限速：106km/h，可通行大车车道编号：1、2，是否开放可变车道：否,341,107,4,19,110,浙A***58,小汽车
机场互通_瓜沥互通_宁波方向,2021-06-12 10:23:00,297,146,669,113,0.45,0.26,369,411,719,C,机场互通_瓜沥互通_宁波方向建议实行管控措施，管控措施如下：道路限速：103km/h，可通行大车车道编号：1、2，是否开放可变车道：否,432,115,14,15,131,浙A***58,小汽车
瓜沥互通_柯桥互通_杭州方向,2021-06-12 10:23:00,235,152,728,107,0.48,0.22,320,430,645,C,无,436,108,6,16,106,浙A***58,小汽车
瓜沥互通_柯桥互通_宁波方向,2021-06-12 10:23:00,269,118,724,117,0.63,0.31,485,415,737,D,无,464,117,12,13,111,浙A***58,小汽车
柯桥互通_齐贤枢纽_杭州方向,2021-06-12 10:23:00,227,176,691,110,0.24,0.38,426,417,673,D,无,397,102,6,17,118,浙A***58,小汽车
柯桥互通_齐贤枢纽_宁波方向,2021-06-12 10:23:00,209,114,666,106,0.36,0.35,420,403,660,C,无,311,110,6,11,115,浙A***58,小汽车
齐贤枢纽_绍兴互通_杭州方向,2021-06-12 10:23:00,231,175,797,115,0.31,0.23,402,419,682,B,无,437,108,10,14,118,浙A***58,小汽车
齐贤枢纽_绍兴互通_宁波方向,2021-06-12 10:23:00,220,148,736,118,0.52,0.38,497,414,739,D,无,423,110,9,13,121,浙A***58,小汽车
绍兴互通_沽渚枢纽_杭州方向,2021-06-12 10:23:00,286,131,773,116,0.29,0.31,495,404,694,A,绍兴互通_沽渚枢纽_杭州方向建议实行管控措施，管控措施如下：道路限速：108km/h，可通行大车车道编号：1、2，是否开放可变车道：否,443,104,4,14,123,浙A***58,小汽车
绍兴互通_沽渚枢纽_宁波方向,2021-06-12 10:23:00,263,148,690,106,0.68,0.25,432,421,674,A,无,488,106,5,11,118,浙A***58,小汽车
沽渚枢纽_上虞互通_杭州方向,2021-06-12 10:23:00,205,141,666,112,0.65,0.24,428,430,665,A,沽渚枢纽_上虞互通_杭州方向建议实行管控措施，管控措施如下：道路限速：103km/h，可通行大车车道编号：1、2，是否开放可变车道：否,383,103,7,12,117,浙A***58,小汽车
沽渚枢纽_上虞互通_宁波方向,2021-06-12 10:23:00,297,132,725,118,0.55,0.31,404,400,631,C,无,457,115,10,12,127,浙A***58,小汽车
上虞互通_牟山互通_杭州方向,2021-06-12 10:23:00,230,148,774,109,0.21,0.28,304,418,654,D,无,434,116,4,14,103,浙A***58,小汽车
上虞互通_牟山互通_宁波方向,2021-06-12 10:23:00,257,144,619,109,0.67,0.24,437,431,647,B,无,472,110,5,18,115,浙A***58,小汽车
牟山互通_余姚西枢纽_杭州方向,2021-06-12 10:23:00,202,101,675,108,0.43,0.21,431,424,664,A,无,379,110,14,12,120,浙A***58,小汽车
牟山互通_余姚西枢纽_宁波方向,2021-06-12 10:23:00,242,154,777,110,0.51,0.29,429,405,711,B,牟山互通_余姚西枢纽_宁波方向建议实行管控措施，管控措施如下：道路限速：107km/h，可通行大车车道编号：1、2，是否开放可变车道：否,468,105,14,11,124,浙A***58,小汽车
余姚西枢纽_余姚互通_杭州方向,2021-06-12 10:23:00,224,105,760,103,0.44,0.26,300,416,616,B,无,416,103,7,15,100,浙A***58,小汽车
余姚西枢纽_余姚互通_宁波方向,2021-06-12 10:23:00,251,113,671,116,0.64,0.28,498,413,751,C,余姚西枢纽_余姚互通_宁波方向建议实行管控措施，管控措施如下：道路限速：105km/h，可通行大车车道编号：1、2，是否开放可变车道：否,372,106,3,12,115,浙A***58,小汽车
余姚互通_大隐互通_杭州方向,2021-06-12 10:23:00,200,196,717,104,0.28,0.39,452,406,708,D,余姚互通_大隐互通_杭州方向建议实行管控措施，管控措施如下：道路限速：101km/h，可通行大车车道编号：1、2，是否开放可变车道：否,464,109,8,11,106,浙A***58,小汽车
余姚互通_大隐互通_宁波方向,2021-06-12 10:23:00,280,100,790,112,0.47,0.2,457,400,673,B,无,302,110,3,15,121,浙A***58,小汽车
路网,2021-06-12 10:24:00,252,134,699,104,0.5,0.38,442,404,648,C,无,354,108,13,15,111,浙A***58,小汽车
红垦枢纽_机场互通_杭州方向,2021-06-12 10:24:00,281,196,730,107,0.66,0.25,319,411,639,B,红垦枢纽_机场互通_杭州方向建议实行管控措施，管控措施如下：道路限速：106km/h，可通行大车车道编号：1、2，是否开放可变车道：否,379,111,5,10,108,浙A***58,小汽车
红垦枢纽_机场互通_宁波方向,2021-06-12 10:24:00,235,116,640,113,0.57,0.25,391,402,716,D,红垦枢纽_机场互通_宁波方向建议实行管控措施，管控措施如下：道路限速：100km/h，可通行大车车道编号：1、2，是否开放可变车道：否,347,103,5,12,109,浙A***58,小汽车
机场互通_瓜沥互通_杭州方向,2021-06-12 10:24:00,202,122,627,109,0.47,0.37,412,405,601,D,机场互通_瓜沥互通_杭州方向建议实行管控措施，管控措施如下：道路限速：108km/h，可通行大车车道编号：1、2，是否开放可变车道：否,341,118,5,10,130,浙A***58,小汽车
机场互通_瓜沥互通_宁波方向,2021-06-12 10:24:00,251,181,627,117,0.31,0.23,441,401,747,C,机场互通_瓜沥互通_宁波方向建议实行管控措施，管控措施如下：道路限速：109km/h，可通行大车车道编号：1、2，是否开放可变车道：否,432,107,5,18,103,浙A***58,小汽车
瓜沥互通_柯桥互通_杭州方向,2021-06-12 10:24:00,293,185,631,106,0.54,0.33,437,400,619,C,无,436,109,6,11,112,浙A***58,小汽车
瓜沥互通_柯桥互通_宁波方向,2021-06-12 10:24:00,269,186,661,106,0.7,0.35,321,414,622,D,无,464,114,7,10,117,浙A***58,小汽车
柯桥互通_齐贤枢纽_杭州方向,2021-06-12 10:24:00,296,166,682,103,0.59,0.36,399,424,705,D,无,397,107,5,17,124,浙A***58,小汽车
柯桥互通_齐贤枢纽_宁波方向,2021-06-12 10:24:00,274,177,737,117,0.65,0.35,356,412,713,C,无,311,106,8,14,127,浙A***58,小汽车
齐贤枢纽_绍兴互通_杭州方向,2021-06-12 10:24:00,231,143,668,104,0.69,0.34,340,430,742,B,无,437,114,12,15,110,浙A***58,小汽车
齐贤枢纽_绍兴互通_宁波方向,2021-06-12 10:24:00,284,153,672,104,0.33,0.32,308,422,722,D,无,423,104,6,13,106,浙A***58,小汽车
绍兴互通_沽渚枢纽_杭州方向,2021-06-12 10:24:00,245,183,733,117,0.7,0.3,429,425,630,A,绍兴互通_沽渚枢纽_杭州方向建议实行管控措施，管控措施如下：道路限速：101km/h，可通行大车车道编号：1、2，是否开放可变车道：否,443,114,7,14,128,浙A***58,小汽车
绍兴互通_沽渚枢纽_宁波方向,2021-06-12 10:24:00,243,152,793,104,0.36,0.31,334,412,682,A,无,488,110,6,19,100,浙A***58,小汽车
沽渚枢纽_上虞互通_杭州方向,2021-06-12 10:24:00,230,140,669,110,0.44,0.33,360,423,719,A,沽渚枢纽_上虞互通_杭州方向建议实行管控措施，管控措施如下：道路限速：101km/h，可通行大车车道编号：1、2，是否开放可变车道：否,383,106,9,19,128,浙A***58,小汽车
沽渚枢纽_上虞互通_宁波方向,2021-06-12 10:24:00,277,121,779,108,0.3,0.35,400,412,635,C,无,457,102,11,19,105,浙A***58,小汽车
上虞互通_牟山互通_杭州方向,2021-06-12 10:24:00,205,199,635,110,0.5,0.26,388,423,614,D,无,434,110,6,18,103,浙A***58,小汽车
上虞互通_牟山互通_宁波方向,2021-06-12 10:24:00,296,115,626,111,0.41,0.37,333,412,704,B,无,472,102,7,14,126,浙A***58,小汽车
牟山互通_余姚西枢纽_杭州方向,2021-06-12 10:24:00,251,128,789,106,0.64,0.26,437,415,732,A,无,379,117,14,11,104,浙A***58,小汽车
牟山互通_余姚西枢纽_宁波方向,2021-06-12 10:24:00,298,192,612,113,0.41,0.28,304,422,628,B,牟山互通_余姚西枢纽_宁波方向建议实行管控措施，管控措施如下：道路限速：100km/h，可通行大车车道编号：1、2，是否开放可变车道：否,468,117,13,11,116,浙A***58,小汽车
余姚西枢纽_余姚互通_杭州方向,2021-06-12 10:24:00,213,169,600,116,0.41,0.21,322,417,749,B,无,416,118,13,19,116,浙A***58,小汽车
余姚西枢纽_余姚互通_宁波方向,2021-06-12 10:24:00,206,122,697,107,0.32,0.25,430,411,607,C,余姚西枢纽_余姚互通_宁波方向建议实行管控措施，管控措施如下：道路限速：104km/h，可通行大车车道编号：1、2，是否开放可变车道：否,372,107,9,13,116,浙A***58,小汽车
余姚互通_大隐互通_杭州方向,2021-06-12 10:24:00,280,189,769,111,0.58,0.22,349,428,674,D,余姚互通_大隐互通_杭州方向建议实行管控措施，管控措施如下：道路限速：106km/h，可通行大车车道编号：1、2，是否开放可变车道：否,464,106,6,14,130,浙A***58,小汽车
余姚互通_大隐互通_宁波方向,2021-06-12 10:24:00,239,153,679,105,0.3,0.33,496,431,707,B,无,302,102,8,19,129,浙A***58,小汽车
路网,2021-06-12 10:25:00,207,179,698,104,0.52,0.3,430,409,602,C,无,354,104,10,11,107,浙A***58,小汽车
红垦枢纽_机场互通_杭州方向,2021-06-12 10:25:00,249,189,720,116,0.69,0.33,358,429,641,B,红垦枢纽_机场互通_杭州方向建议实行管控措施，管控措施如下：道路限速：100km/h，可通行大车车道编号：1、2，是否开放可变车道：否,379,107,5,19,112,浙A***58,小汽车
红垦枢纽_机场互通_宁波方向,2021-06-12 10:25:00,271,116,632,105,0.3,0.22,486,422,695,D,红垦枢纽_机场互通_宁波方向建议实行管控措施，管控措施如下：道路限速：101km/h，可通行大车车道编号：1、2，是否开放可变车道：否,347,110,7,10,110,浙A***58,小汽车
机场互通_瓜沥互通_杭州方向,2021-06-12 10:25:00,243,163,634,108,0.51,0.28,448,401,661,D,机场互通_瓜沥互通_杭州方向建议实行管控措施，管控措施如下：道路限速：103km/h，可通行大车车道编号：1、2，是否开放可变车道：否,341,108,6,18,131,浙A***58,小汽车
机场互通_瓜沥互通_宁波方向,2021-06-12 10:25:00,255,193,638,116,0.2,0.29,350,412,609,C,机场互通_瓜沥互通_宁波方向建议实行管控措施，管控措施如下：道路限速：103km/h，可通行大车车道编号：1、2，是否开放可变车道：否,432,105,8,14,130,浙A***58,小汽车
瓜沥互通_柯桥互通_杭州方向,2021-06-12 10:25:00,274,151,795,108,0.38,0.38,434,414,668,C,无,436,107,12,15,107,浙A***58,小汽车
瓜沥互通_柯桥互通_宁波方向,2021-06-12 10:25:00,239,101,704,113,0.35,0.35,337,431,651,D,无,464,116,8,14,111,浙A***58,小汽车
柯桥互通_齐贤枢纽_杭州方向,2021-06-12 10:25:00,251,129,700,111,0.68,0.28,489,412,736,D,无,397,108,5,14,129,浙A***58,小汽车
柯桥互通_齐贤枢纽_宁波方向,2021-06-12 10:25:00,285,137,679,110,0.67,0.32,415,402,744,C,无,311,114,10,15,102,浙A***58,小汽车
齐贤枢纽_绍兴互通_杭州方向,2021-06-12 10:25:00,205,109,797,115,0.68,0.28,317,420,669,B,无,437,104,6,10,119,浙A***58,小汽车
齐贤枢纽_绍兴互通_宁波方向,2021-06-12 10:25:00,225,136,761,117,0.65,0.34,413,426,694,D,无,423,107,12,13,131,浙A***58,小汽车
绍兴互通_沽渚枢纽_杭州方向,2021-06-12 10:25:00,291,119,696,107,0.68,0.36,485,428,736,A,绍兴互通_沽渚枢纽_杭州方向建议实行管控措施，管控措施如下：道路限速：101km/h，可通行大车车道编号：1、2，是否开放可变车道：否,443,117,6,11,110,浙A***58,小汽车
绍兴互通_沽渚枢纽_宁波方向,2021-06-12 10:25:00,279,180,615,117,0.59,0.3,453,413,705,A,无,488,111,4,16,124,浙A***58,小汽车
沽渚枢纽_上虞互通_杭州方向,2021-06-12 10:25:00,262,163,723,114,0.25,0.23,411,402,702,A,沽渚枢纽_上虞互通_杭州方向建议实行管控措施，管控措施如下：道路限速：100km/h，可通行大车车道编号：1、2，是否开放可变车道：否,383,114,3,14,124,浙A***58,小汽车
沽渚枢纽_上虞互通_宁波方向,2021-06-12 10:25:00,266,156,715,115,0.65,0.35,391,406,733,C,无,457,113,7,14,115,浙A***58,小汽车
上虞互通_牟山互通_杭州方向,2021-06-12 10:25:00,248,189,715,113,0.25,0.28,445,409,641,D,无,434,117,11,14,108,浙A***58,小汽车
上虞互通_牟山互通_宁波方向,2021-06-12 10:25:00,286,103,788,116,0.35,0.33,447,424,679,B,无,472,105,9,19,103,浙A***58,小汽车
牟山互通_余姚西枢纽_杭州方向,2021-06-12 10:25:00,287,179,614,116,0.33,0.39,310,423,643,A,无,379,104,5,19,115,浙A***58,小汽车
牟山互通_余姚西枢纽_宁波方向,2021-06-12 10:25:00,240,128,773,109,0.21,0.34,385,426,678,B,牟山互通_余姚西枢纽_宁波方向建议实行管控措施，管控措施如下：道路限速：103km/h，可通行大车车道编号：1、2，是否开放可变车道：否,468,114,4,15,111,浙A***58,小汽车
余姚西枢纽_余姚互通_杭州方向,2021-06-12 10:25:00,247,128,733,115,0.37,0.34,379,416,733,B,无,416,108,5,18,101,浙A***58,小汽车
余姚西枢纽_余姚互通_宁波方向,2021-06-12 10:25:00,216,123,763,108,0.22,0.29,416,411,749,C,余姚西枢纽_余姚互通_宁波方向建议实行管控措施，管控措施如下：道路限速：104km/h，可通行大车车道编号：1、2，是否开放可变车道：否,372,111,14,15,124,浙A***58,小汽车
余姚互通_大隐互通_杭州方向,2021-06-12 10:25:00,203,133,616,107,0.49,0.38,345,419,617,D,余姚互通_大隐互通_杭州方向建议实行管控措施，管控措施如下：道路限速：102km/h，可通行大车车道编号：1、2，是否开放可变车道：否,464,110,3,18,110,浙A***58,小汽车
余姚互通_大隐互通_宁波方向,2021-06-12 10:25:00,215,166,734,105,0.23,0.33,406,417,689,B,无,302,103,11,15,113,浙A***58,小汽车
路网,2021-06-12 10:26:00,254,142,662,103,0.62,0.23,403,402,677,C,无,354,110,12,19,119,浙A***58,小汽车
红垦枢纽_机场互通_杭州方向,2021-06-12 10:26:00,268,113,621,115,0.44,0.34,400,400,731,B,红垦枢纽_机场互通_杭州方向建议实行管控措施，管控措施如下：道路限速：108km/h，可通行大车车道编号：1、2，是否开放可变车道：否,379,116,6,11,123,浙A***58,小汽车
红垦枢纽_机场互通_宁波方向,2021-06-12 10:26:00,287,180,752,108,0.35,0.23,332,420,713,D,红垦枢纽_机场互通_宁波方向建议实行管控措施，管控措施如下：道路限速：108km/h，可通行大车车道编号：1、2，是否开放可变车道：否,347,115,13,11,109,浙A***58,小汽车
机场互通_瓜沥互通_杭州方向,2021-06-12 10:26:00,200,158,611,112,0.51,0.34,414,405,711,D,机场互通_瓜沥互通_杭州方向建议实行管控措施，管控措施如下：道路限速：108km/h，可通行大车车道编号：1、2，是否开放可变车道：否,341,111,12,15,105,浙A***58,小汽车
机场互通_瓜沥互通_宁波方向,2021-06-12 10:26:00,271,114,655,107,0.31,0.23,416,425,677,C,机场互通_瓜沥互通_宁波方向建议实行管控措施，管控措施如下：道路限速：101km/h，可通行大车车道编号：1、2，是否开放可变车道：否,432,106,4,13,102,浙A***58,小汽车
瓜沥互通_柯桥互通_杭州方向,2021-06-12 10:26:00,225,183,723,118,0.63,0.27,440,431,652,C,无,436,115,12,14,124,浙A***58,小汽车
瓜沥互通_柯桥互通_宁波方向,2021-06-12 10:26:00,225,169,758,106,0.37,0.37,490,413,640,D,无,464,103,9,15,126,浙A***58,小汽车
柯桥互通_齐贤枢纽_杭州方向,2021-06-12 10:26:00,201,193,630,106,0.43,0.3,472,402,675,D,无,397,111,9,11,109,浙A***58,小汽车
柯桥互通_齐贤枢纽_宁波方向,2021-06-12 10:26:00,273,139,623,116,0.27,0.21,369,428,747,C,无,311,110,9,19,109,浙A***58,小汽车
齐贤枢纽_绍兴互通_杭州方向,2021-06-12 10:26:00,275,172,660,114,0.66,0.23,477,418,718,B,无,437,107,11,16,122,浙A***58,小汽车
齐贤枢纽_绍兴互通_宁波方向,2021-06-12 10:26:00,214,111,717,115,0.32,0.27,463,419,701,D,无,423,108,3,18,100,浙A***58,小汽车
绍兴互通_沽渚枢纽_杭州方向,2021-06-12 10:26:00,259,104,702,104,0.27,0.2,357,425,636,A,绍兴互通_沽渚枢纽_杭州方向建议实行管控措施，管控措施如下：道路限速：107km/h，可通行大车车道编号：1、2，是否开放可变车道：否,443,116,8,15,127,浙A***58,小汽车
绍兴互通_沽渚枢纽_宁波方向,2021-06-12 10:26:00,252,164,700,107,0.62,0.34,379,416,637,A,无,488,102,13,16,124,浙A***58,小汽车
沽渚枢纽_上虞互通_杭州方向,2021-06-12 10:26:00,203,155,673,108,0.58,0.37,343,414,736,A,沽渚枢纽_上虞互通_杭州方向建议实行管控措施，管控措施如下：道路限速：102km/h，可通行大车车道编号：1、2，是否开放可变车道：否,383,114,13,15,120,浙A***58,小汽车
沽渚枢纽_上虞互通_宁波方向,2021-06-12 10:26:00,284,141,778,107,0.26,0.29,336,400,634,C,无,457,114,8,16,126,浙A***58,小汽车
上虞互通_牟山互通_杭州方向,2021-06-12 10:26:00,278,112,747,103,0.32,0.32,348,407,731,D,无,434,116,11,11,113,浙A***58,小汽车
上虞互通_牟山互通_宁波方向,2021-06-12 10:26:00,267,153,795,114,0.47,0.35,378,422,620,B,无,472,103,12,19,111,浙A***58,小汽车
牟山互通_余姚西枢纽_杭州方向,2021-06-12 10:26:00,293,133,699,115,0.66,0.33,494,407,675,A,无,379,104,4,17,123,浙A***58,小汽车
牟山互通_余姚西枢纽_宁波方向,2021-06-12 10:26:00,297,113,756,104,0.66,0.28,371,423,664,B,牟山互通_余姚西枢纽_宁波方向建议实行管控措施，管控措施如下：道路限速：106km/h，可通行大车车道编号：1、2，是否开放可变车道：否,468,108,12,18,105,浙A***58,小汽车
余姚西枢纽_余姚互通_杭州方向,2021-06-12 10:26:00,250,173,723,118,0.42,0.23,487,417,646,B,无,416,107,10,16,120,浙A***58,小汽车
余姚西枢纽_余姚互通_宁波方向,2021-06-12 10:26:00,207,119,679,115,0.32,0.35,386,429,670,C,余姚西枢纽_余姚互通_宁波方向建议实行管控措施，管控措施如下：道路限速：102km/h，可通行大车车道编号：1、2，是否开放可变车道：否,372,113,4,15,104,浙A***58,小汽车
余姚互通_大隐互通_杭州方向,2021-06-12 10:26:00,228,170,605,118,0.42,0.27,369,402,727,D,余姚互通_大隐互通_杭州方向建议实行管控措施，管控措施如下：道路限速：106km/h，可通行大车车道编号：1、2，是否开放可变车道：否,464,105,3,19,112,浙A***58,小汽车
余姚互通_大隐互通_宁波方向,2021-06-12 10:26:00,212,163,635,117,0.64,0.32,300,404,715,B,无,302,117,14,16,123,浙A***58,小汽车
路网,2021-06-12 10:27:00,232,143,653,110,0.61,0.27,374,425,741,C,无,354,116,8,19,103,浙A***58,小汽车
红垦枢纽_机场互通_杭州方向,2021-06-12 10:27:00,213,178,645,104,0.27,0.27,301,412,605,B,红垦枢纽_机场互通_杭州方向建议实行管控措施，管控措施如下：道路限速：105km/h，可通行大车车道编号：1、2，是否开放可变车道：否,379,117,5,16,125,浙A***58,小汽车
红垦枢纽_机场互通_宁波方向,2021-06-12 10:27:00,255,156,673,109,0.42,0.4,428,411,602,D,红垦枢纽_机场互通_宁波方向建议实行管控措施，管控措施如下：道路限速：100km/h，可通行大车车道编号：1、2，是否开放可变车道：否,347,118,5,18,103,浙A***58,小汽车
机场互通_瓜沥互通_杭州方向,2021-06-12 10:27:00,215,140,672,116,0.53,0.32,399,430,611,D,机场互通_瓜沥互通_杭州方向建议实行管控措施，管控措施如下：道路限速：109km/h，可通行大车车道编号：1、2，是否开放可变车道：否,341,107,9,14,121,浙A***58,小汽车
机场互通_瓜沥互通_宁波方向,2021-06-12 10:27:00,230,171,789,118,0.33,0.29,434,419,675,C,机场互通_瓜沥互通_宁波方向建议实行管控措施，管控措施如下：道路限速：109km/h，可通行大车车道编号：1、2，是否开放可变车道：否,432,117,12,19,121,浙A***58,小汽车
瓜沥互通_柯桥互通_杭州方向,2021-06-12 10:27:00,245,139,710,104,0.46,0.36,430,407,687,C,无,436,114,3,12,130,浙A***58,小汽车
瓜沥互通_柯桥互通_宁波方向,2021-06-12 10:27:00,216,159,719,105,0.21,0.35,453,417,695,D,无,464,113,14,19,108,浙A***58,小汽车
柯桥互通_齐贤枢纽_杭州方向,2021-06-12 10:27:00,297,172,719,110,0.22,0.22,490,401,735,D,无,397,113,11,17,109,浙A***58,小汽车
柯桥互通_齐贤枢纽_宁波方向,2021-06-12 10:27:00,213,149,681,111,0.5,0.21,466,423,653,C,无,311,110,3,13,103,浙A***58,小汽车
齐贤枢纽_绍兴互通_杭州方向,2021-06-12 10:27:00,260,170,708,117,0.62,0.21,442,407,748,B,无,437,110,4,15,108,浙A***58,小汽车
齐贤枢纽_绍兴互通_宁波方向,2021-06-12 10:27:00,236,174,720,108,0.5,0.31,411,421,703,D,无,423,114,3,18,126,浙A***58,小汽车
绍兴互通_沽渚枢纽_杭州方向,2021-06-12 10:27:00,289,177,661,113,0.25,0.36,443,409,747,A,绍兴互通_沽渚枢纽_杭州方向建议实行管控措施，管控措施如下：道路限速：108km/h，可通行大车车道编号：1、2，是否开放可变车道：否,443,107,6,10,103,浙A***58,小汽车
绍兴互通_沽渚枢纽_宁波方向,2021-06-12 10:27:00,281,142,755,115,0.32,0.34,312,426,745,A,无,488,109,8,12,110,浙A***58,小汽车
沽渚枢纽_上虞互通_杭州方向,2021-06-12 10:27:00,294,191,715,103,0.65,0.28,492,426,612,A,沽渚枢纽_上虞互通_杭州方向建议实行管控措施，管控措施如下：道路限速：101km/h，可通行大车车道编号：1、2，是否开放可变车道：否,383,113,13,12,111,浙A***58,小汽车
沽渚枢纽_上虞互通_宁波方向,2021-06-12 10:27:00,251,109,720,108,0.41,0.38,354,415,726,C,无,457,109,8,15,106,浙A***58,小汽车
上虞互通_牟山互通_杭州方向,2021-06-12 10:27:00,293,139,668,113,0.49,0.26,400,428,732,D,无,434,114,6,15,114,浙A***58,小汽车
上虞互通_牟山互通_宁波方向,2021-06-12 10:27:00,280,162,767,116,0.49,0.39,381,431,731,B,无,472,118,8,10,114,浙A***58,小汽车
牟山互通_余姚西枢纽_杭州方向,2021-06-12 10:27:00,244,121,732,105,0.5,0.21,388,426,673,A,无,379,113,6,16,131,浙A***58,小汽车
牟山互通_余姚西枢纽_宁波方向,2021-06-12 10:27:00,293,151,663,112,0.26,0.33,330,415,685,B,牟山互通_余姚西枢纽_宁波方向建议实行管控措施，管控措施如下：道路限速：105km/h，可通行大车车道编号：1、2，是否开放可变车道：否,468,110,10,19,118,浙A***58,小汽车
余姚西枢纽_余姚互通_杭州方向,2021-06-12 10:27:00,277,199,662,113,0.56,0.32,491,410,661,B,无,416,110,14,19,108,浙A***58,小汽车
余姚西枢纽_余姚互通_宁波方向,2021-06-12 10:27:00,257,188,735,108,0.36,0.23,424,415,666,C,余姚西枢纽_余姚互通_宁波方向建议实行管控措施，管控措施如下：道路限速：104km/h，可通行大车车道编号：1、2，是否开放可变车道：否,372,108,8,15,111,浙A***58,小汽车
余姚互通_大隐互通_杭州方向,2021-06-12 10:27:00,225,112,757,103,0.6,0.2,359,420,616,D,余姚互通_大隐互通_杭州方向建议实行管控措施，管控措施如下：道路限速：107km/h，可通行大车车道编号：1、2，是否开放可变车道：否,464,111,5,11,119,浙A***58,小汽车
余姚互通_大隐互通_宁波方向,2021-06-12 10:27:00,247,163,762,105,0.31,0.25,499,403,732,B,无,302,103,3,13,114,浙A***58,小汽车
路网,2021-06-12 10:28:00,273,117,609,103,0.43,0.32,488,411,723,C,无,354,112,8,18,128,浙A***58,小汽车
红垦枢纽_机场互通_杭州方向,2021-06-12 10:28:00,210,148,667,110,0.49,0.23,313,428,730,B,红垦枢纽_机场互通_杭州方向建议实行管控措施，管控措施如下：道路限速：100km/h，可通行大车车道编号：1、2，是否开放可变车道：否,379,102,3,19,111,浙A***58,小汽车
红垦枢纽_机场互通_宁波方向,2021-06-12 10:28:00,211,111,794,110,0.33,0.21,418,412,703,D,红垦枢纽_机场互通_宁波方向建议实行管控措施，管控措施如下：道路限速：103km/h，可通行大车车道编号：1、2，是否开放可变车道：否,347,110,12,15,118,浙A***58,小汽车
机场互通_瓜沥互通_杭州方向,2021-06-12 10:28:00,273,150,624,110,0.5,0.35,362,402,669,D,机场互通_瓜沥互通_杭州方向建议实行管控措施，管控措施如下：道路限速：105km/h，可通行大车车道编号：1、2，是否开放可变车道：否,341,107,7,15,129,浙A***58,小汽车
机场互通_瓜沥互通_宁波方向,2021-06-12 10:28:00,241,121,637,108,0.33,0.37,450,424,744,C,机场互通_瓜沥互通_宁波方向建议实行管控措施，管控措施如下：道路限速：103km/h，可通行大车车道编号：1、2，是否开放可变车道：否,432,111,14,11,107,浙A***58,小汽车
瓜沥互通_柯桥互通_杭州方向,2021-06-12 10:28:00,200,179,688,111,0.25,0.39,467,410,743,C,无,436,105,5,11,126,浙A***58,小汽车
瓜沥互通_柯桥互通_宁波方向,2021-06-12 10:28:00,246,162,744,116,0.51,0.38,363,425,610,D,无,464,103,6,18,103,浙A***58,小汽车
柯桥互通_齐贤枢纽_杭州方向,2021-06-12 10:28:00,276,157,602,104,0.49,0.2,407,418,720,D,无,397,107,11,14,104,浙A***58,小汽车
柯桥互通_齐贤枢纽_宁波方向,2021-06-12 10:28:00,288,182,609,110,0.34,0.39,394,404,636,C,无,311,109,14,12,127,浙A***58,小汽车
齐贤枢纽_绍兴互通_杭州方向,2021-06-12 10:28:00,223,155,700,113,0.3,0.32,422,413,743,B,无,437,109,11,12,110,浙A***58,小汽车
齐贤枢纽_绍兴互通_宁波方向,2021-06-12 10:28:00,232,146,680,110,0.59,0.34,327,417,654,D,无,423,108,11,11,118,浙A***58,小汽车
绍兴互通_沽渚枢纽_杭州方向,2021-06-12 10:28:00,295,105,709,110,0.54,0.29,422,416,618,A,绍兴互通_沽渚枢纽_杭州方向建议实行管控措施，管控措施如下：道路限速：109km/h，可通行大车车道编号：1、2，是否开放可变车道：否,443,113,5,14,108,浙A***58,小汽车
绍兴互通_沽渚枢纽_宁波方向,2021-06-12 10:28:00,214,177,710,111,0.55,0.25,301,417,602,A,无,488,104,5,19,131,浙A***58,小汽车
沽渚枢纽_上虞互通_杭州方向,2021-06-12 10:28:00,219,158,722,106,0.64,0.35,425,425,626,A,沽渚枢纽_上虞互通_杭州方向建议实行管控措施，管控措施如下：道路限速：109km/h，可通行大车车道编号：1、2，是否开放可变车道：否,383,110,3,18,106,浙A***58,小汽车
沽渚枢纽_上虞互通_宁波方向,2021-06-12 10:28:00,215,145,747,115,0.53,0.32,348,420,686,C,无,457,110,12,14,106,浙A***58,小汽车
上虞互通_牟山互通_杭州方向,2021-06-12 10:28:00,298,137,774,113,0.24,0.24,351,410,669,D,无,434,111,4,18,120,浙A***58,小汽车
上虞互通_牟山互通_宁波方向,2021-06-12 10:28:00,227,197,636,117,0.52,0.23,396,424,683,B,无,472,111,13,17,123,浙A***58,小汽车
牟山互通_余姚西枢纽_杭州方向,2021-06-12 10:28:00,281,141,638,105,0.48,0.35,469,419,615,A,无,379,112,5,19,121,浙A***58,小汽车
牟山互通_余姚西枢纽_宁波方向,2021-06-12 10:28:00,280,173,784,117,0.36,0.39,394,428,622,B,牟山互通_余姚西枢纽_宁波方向建议实行管控措施，管控措施如下：道路限速：109km/h，可通行大车车道编号：1、2，是否开放可变车道：否,468,108,6,14,110,浙A***58,小汽车
余姚西枢纽_余姚互通_杭州方向,2021-06-12 10:28:00,228,169,688,104,0.53,0.26,412,414,620,B,无,416,112,3,19,111,浙A***58,小汽车
余姚西枢纽_余姚互通_宁波方向,2021-06-12 10:28:00,256,108,717,112,0.69,0.24,303,416,637,C,余姚西枢纽_余姚互通_宁波方向建议实行管控措施，管控措施如下：道路限速：101km/h，可通行大车车道编号：1、2，是否开放可变车道：否,372,106,6,13,117,浙A***58,小汽车
余姚互通_大隐互通_杭州方向,2021-06-12 10:28:00,241,152,611,112,0.47,0.37,312,406,752,D,余姚互通_大隐互通_杭州方向建议实行管控措施，管控措施如下：道路限速：101km/h，可通行大车车道编号：1、2，是否开放可变车道：否,464,111,11,11,118,浙A***58,小汽车
余姚互通_大隐互通_宁波方向,2021-06-12 10:28:00,273,125,634,114,0.46,0.24,434,408,662,B,无,302,117,10,10,131,浙A***58,小汽车
路网,2021-06-12 10:29:00,288,192,610,116,0.34,0.33,354,420,748,C,无,354,105,9,19,130,浙A***58,小汽车
红垦枢纽_机场互通_杭州方向,2021-06-12 10:29:00,225,105,606,103,0.44,0.27,398,402,652,B,红垦枢纽_机场互通_杭州方向建议实行管控措施，管控措施如下：道路限速：102km/h，可通行大车车道编号：1、2，是否开放可变车道：否,379,112,5,14,118,浙A***58,小汽车
红垦枢纽_机场互通_宁波方向,2021-06-12 10:29:00,277,101,614,104,0.6,0.33,458,405,684,D,红垦枢纽_机场互通_宁波方向建议实行管控措施，管控措施如下：道路限速：106km/h，可通行大车车道编号：1、2，是否开放可变车道：否,347,106,3,11,112,浙A***58,小汽车
机场互通_瓜沥互通_杭州方向,2021-06-12 10:29:00,298,170,649,104,0.41,0.33,490,419,699,D,机场互通_瓜沥互通_杭州方向建议实行管控措施，管控措施如下：道路限速：103km/h，可通行大车车道编号：1、2，是否开放可变车道：否,341,113,11,13,104,浙A***58,小汽车
机场互通_瓜沥互通_宁波方向,2021-06-12 10:29:00,287,103,715,111,0.38,0.29,322,416,678,C,机场互通_瓜沥互通_宁波方向建议实行管控措施，管控措施如下：道路限速：102km/h，可通行大车车道编号：1、2，是否开放可变车道：否,432,116,5,17,126,浙A***58,小汽车
瓜沥互通_柯桥互通_杭州方向,2021-06-12 10:29:00,257,171,679,117,0.29,0.32,369,429,717,C,无,436,103,13,17,126,浙A***58,小汽车
瓜沥互通_柯桥互通_宁波方向,2021-06-12 10:29:00,276,163,618,104,0.53,0.36,374,417,633,D,无,464,113,3,18,116,浙A***58,小汽车
柯桥互通_齐贤枢纽_杭州方向,2021-06-12 10:29:00,264,167,617,114,0.26,0.31,382,410,650,D,无,397,104,9,16,127,浙A***58,小汽车
柯桥互通_齐贤枢纽_宁波方向,2021-06-12 10:29:00,273,154,743,109,0.49,0.35,443,408,635,C,无,311,114,11,13,103,浙A***58,小汽车
齐贤枢纽_绍兴互通_杭州方向,2021-06-12 10:29:00,299,161,638,118,0.6,0.2,342,409,643,B,无,437,105,6,16,101,浙A***58,小汽车
齐贤枢纽_绍兴互通_宁波方向,2021-06-12 10:29:00,223,107,648,103,0.59,0.24,447,425,705,D,无,423,115,14,10,128,浙A***58,小汽车
绍兴互通_沽渚枢纽_杭州方向,2021-06-12 10:29:00,208,176,739,112,0.64,0.22,360,422,612,A,绍兴互通_沽渚枢纽_杭州方向建议实行管控措施，管控措施如下：道路限速：103km/h，可通行大车车道编号：1、2，是否开放可变车道：否,443,108,8,12,130,浙A***58,小汽车
绍兴互通_沽渚枢纽_宁波方向,2021-06-12 10:29:00,263,104,717,113,0.27,0.37,307,420,747,A,无,488,110,5,16,101,浙A***58,小汽车
沽渚枢纽_上虞互通_杭州方向,2021-06-12 10:29:00,217,106,634,117,0.31,0.39,353,426,672,A,沽渚枢纽_上虞互通_杭州方向建议实行管控措施，管控措施如下：道路限速：105km/h，可通行大车车道编号：1、2，是否开放可变车道：否,383,104,14,10,109,浙A***58,小汽车
沽渚枢纽_上虞互通_宁波方向,2021-06-12 10:29:00,204,145,660,115,0.2,0.29,352,406,717,C,无,457,117,3,15,119,浙A***58,小汽车
上虞互通_牟山互通_杭州方向,2021-06-12 10:29:00,232,169,738,112,0.6,0.36,411,408,621,D,无,434,110,10,16,113,浙A***58,小汽车
上虞互通_牟山互通_宁波方向,2021-06-12 10:29:00,232,141,781,110,0.35,0.34,348,421,696,B,无,472,112,7,19,114,浙A***58,小汽车
牟山互通_余姚西枢纽_杭州方向,2021-06-12 10:29:00,212,138,773,111,0.34,0.22,304,411,725,A,无,379,117,10,14,123,浙A***58,小汽车
牟山互通_余姚西枢纽_宁波方向,2021-06-12 10:29:00,280,148,640,109,0.23,0.23,339,403,714,B,牟山互通_余姚西枢纽_宁波方向建议实行管控措施，管控措施如下：道路限速：102km/h，可通行大车车道编号：1、2，是否开放可变车道：否,468,113,4,15,118,浙A***58,小汽车
余姚西枢纽_余姚互通_杭州方向,2021-06-12 10:29:00,259,103,781,112,0.5,0.33,460,408,693,B,无,416,104,5,16,130,浙A***58,小汽车
余姚西枢纽_余姚互通_宁波方向,2021-06-12 10:29:00,278,153,774,118,0.29,0.27,320,404,643,C,余姚西枢纽_余姚互通_宁波方向建议实行管控措施，管控措施如下：道路限速：103km/h，可通行大车车道编号：1、2，是否开放可变车道：否,372,110,3,14,101,浙A***58,小汽车
余姚互通_大隐互通_杭州方向,2021-06-12 10:29:00,239,165,746,104,0.21,0.28,353,422,639,D,余姚互通_大隐互通_杭州方向建议实行管控措施，管控措施如下：道路限速：109km/h，可通行大车车道编号：1、2，是否开放可变车道：否,464,116,14,10,115,浙A***58,小汽车
余姚互通_大隐互通_宁波方向,2021-06-12 10:29:00,258,167,763,117,0.22,0.39,422,422,675,B,无,302,114,9,15,131,浙A***58,小汽车
路网,2021-06-12 10:30:00,210,100,694,106,0.6,0.38,467,430,676,A,无,315,104,13,11,129,浙A***58,小汽车
红垦枢纽_机场互通_杭州方向,2021-06-12 10:30:00,206,163,683,117,0.25,0.28,363,412,668,B,无,490,103,5,14,108,浙A***58,小汽车
红垦枢纽_机场互通_宁波方向,2021-06-12 10:30:00,239,130,637,114,0.62,0.29,389,425,622,A,红垦枢纽_机场互通_宁波方向建议实行管控措施，管控措施如下：道路限速：104km/h，可通行大车车道编号：1、2，是否开放可变车道：否,434,105,14,17,114,浙A***58,小汽车
机场互通_瓜沥互通_杭州方向,2021-06-12 10:30:00,260,112,703,111,0.53,0.38,455,408,600,B,机场互通_瓜沥互通_杭州方向建议实行管控措施，管控措施如下：道路限速：105km/h，可通行大车车道编号：1、2，是否开放可变车道：否,354,114,9,13,102,浙A***58,小汽车
机场互通_瓜沥互通_宁波方向,2021-06-12 10:30:00,205,181,657,114,0.43,0.35,374,401,667,C,无,382,117,10,19,128,浙A***58,小汽车
瓜沥互通_柯桥互通_杭州方向,2021-06-12 10:30:00,232,144,613,107,0.37,0.23,471,405,622,C,无,497,108,11,15,125,浙A***58,小汽车
瓜沥互通_柯桥互通_宁波方向,2021-06-12 10:30:00,255,140,608,104,0.46,0.29,438,428,694,D,瓜沥互通_柯桥互通_宁波方向建议实行管控措施，管控措施如下：道路限速：103km/h，可通行大车车道编号：1、2，是否开放可变车道：否,377,104,9,11,119,浙A***58,小汽车
柯桥互通_齐贤枢纽_杭州方向,2021-06-12 10:30:00,212,156,718,118,0.34,0.22,448,421,718,C,无,414,102,9,12,114,浙A***58,小汽车
柯桥互通_齐贤枢纽_宁波方向,2021-06-12 10:30:00,231,171,793,105,0.29,0.39,338,417,603,B,柯桥互通_齐贤枢纽_宁波方向建议实行管控措施，管控措施如下：道路限速：104km/h，可通行大车车道编号：1、2，是否开放可变车道：否,419,110,14,10,101,浙A***58,小汽车
齐贤枢纽_绍兴互通_杭州方向,2021-06-12 10:30:00,289,192,638,114,0.63,0.21,359,424,722,A,齐贤枢纽_绍兴互通_杭州方向建议实行管控措施，管控措施如下：道路限速：101km/h，可通行大车车道编号：1、2，是否开放可变车道：否,317,110,7,13,114,浙A***58,小汽车
齐贤枢纽_绍兴互通_宁波方向,2021-06-12 10:30:00,217,152,659,112,0.31,0.34,384,409,675,A,无,361,103,9,12,114,浙A***58,小汽车
绍兴互通_沽渚枢纽_杭州方向,2021-06-12 10:30:00,217,107,639,104,0.22,0.24,461,414,727,D,绍兴互通_沽渚枢纽_杭州方向建议实行管控措施，管控措施如下：道路限速：105km/h，可通行大车车道编号：1、2，是否开放可变车道：否,307,112,9,15,113,浙A***58,小汽车
绍兴互通_沽渚枢纽_宁波方向,2021-06-12 10:30:00,233,175,626,105,0.43,0.35,304,407,722,D,无,395,108,8,16,120,浙A***58,小汽车
沽渚枢纽_上虞互通_杭州方向,2021-06-12 10:30:00,202,166,772,116,0.31,0.29,498,403,654,B,沽渚枢纽_上虞互通_杭州方向建议实行管控措施，管控措施如下：道路限速：105km/h，可通行大车车道编号：1、2，是否开放可变车道：否,345,115,5,14,120,浙A***58,小汽车
沽渚枢纽_上虞互通_宁波方向,2021-06-12 10:30:00,285,142,691,107,0.69,0.29,323,405,668,B,沽渚枢纽_上虞互通_宁波方向建议实行管控措施，管控措施如下：道路限速：107km/h，可通行大车车道编号：1、2，是否开放可变车道：否,376,112,11,11,129,浙A***58,小汽车
上虞互通_牟山互通_杭州方向,2021-06-12 10:30:00,203,118,669,111,0.35,0.24,384,400,728,A,上虞互通_牟山互通_杭州方向建议实行管控措施，管控措施如下：道路限速：100km/h，可通行大车车道编号：1、2，是否开放可变车道：否,406,103,11,18,108,浙A***58,小汽车
上虞互通_牟山互通_宁波方向,2021-06-12 10:30:00,258,137,680,108,0.61,0.26,355,408,660,C,无,317,107,11,11,116,浙A***58,小汽车
牟山互通_余姚西枢纽_杭州方向,2021-06-12 10:30:00,275,102,719,103,0.35,0.2,308,413,703,A,无,456,118,12,12,102,浙A***58,小汽车
牟山互通_余姚西枢纽_宁波方向,2021-06-12 10:30:00,214,152,715,116,0.64,0.28,473,412,631,C,牟山互通_余姚西枢纽_宁波方向建议实行管控措施，管控措施如下：道路限速：108km/h，可通行大车车道编号：1、2，是否开放可变车道：否,489,111,4,10,126,浙A***58,小汽车
余姚西枢纽_余姚互通_杭州方向,2021-06-12 10:30:00,227,166,768,104,0.59,0.38,477,418,665,A,余姚西枢纽_余姚互通_杭州方向建议实行管控措施，管控措施如下：道路限速：103km/h，可通行大车车道编号：1、2，是否开放可变车道：否,407,102,9,19,100,浙A***58,小汽车
余姚西枢纽_余姚互通_宁波方向,2021-06-12 10:30:00,277,170,756,118,0.27,0.28,310,421,715,D,无,339,108,11,13,120,浙A***58,小汽车
余姚互通_大隐互通_杭州方向,2021-06-12 10:30:00,215,183,695,114,0.65,0.23,436,424,627,D,无,324,112,7,14,129,浙A***58,小汽车
余姚互通_大隐互通_宁波方向,2021-06-12 10:30:00,270,143,728,116,0.59,0.35,327,401,735,D,无,460,103,5,10,116,浙A***58,小汽车
